"key","date","mobility_retail_and_recreation","mobility_grocery_and_pharmacy","mobility_workplaces","new_confirmed","new_deceased","average_temperature","rainfall"
"US_NJ_34001","5/1/20",-56,-14,-56,48,4,15.228395,7.4506667
"US_NJ_34003","5/1/20",-60,-18,-62,220,51,14.188889,11.599333
"US_NJ_34005","5/1/20",-51,-13,-54,79,14,15.95,10.1092
"US_NJ_34007","5/1/20",-43,-13,-51,127,8,15.916667,6.731
"US_NJ_34009","5/1/20",-36,-6,-42,11,0,14.736111,3.71475
"US_NJ_34011","5/1/20",-28,-9,-37,23,1,15.319444,3.683
"US_NJ_34013","5/1/20",-56,-17,-54,312,54,14.311111,9.0311111
"US_NJ_34015","5/1/20",-42,-11,-50,31,2,15.772222,5.4102
"US_NJ_34017","5/1/20",-54,-16,-65,232,21,14.294444,9.9822
"US_NJ_34019","5/1/20",-51,-16,-59,5,2,15.816667,15.691556
"US_NJ_34021","5/1/20",-55,-17,-56,140,8,15.922222,12.6492
"US_NJ_34023","5/1/20",-59,-22,-58,232,20,14.372222,9.7931111
"US_NJ_34025","5/1/20",-57,-17,-54,99,14,14.25,6.0706
"US_NJ_34027","5/1/20",-60,-20,-61,67,17,14.988889,15.465778
"US_NJ_34029","5/1/20",-48,-16,-49,130,23,15.246914,9.2004444
"US_NJ_34031","5/1/20",-56,-14,-53,365,26,14.544444,16.735778
"US_NJ_34033","5/1/20",-35,1,-40,6,1,15.277778,3.9624
"US_NJ_34035","5/1/20",-60,-22,-61,73,12,15.061111,11.317111
"US_NJ_34037","5/1/20",-42,-12,-52,15,7,14.58642,22.098
"US_NJ_34039","5/1/20",-49,-15,-55,201,24,14.311111,9.0311111
"US_NJ_34041","5/1/20",-29,-14,-49,17,1,15.105556,20.461111
"US_NJ_34001","5/2/20",-51,-4,-48,38,3,16.666667,0.31044444
"US_NJ_34003","5/2/20",-60,-16,-44,144,15,16.327778,1.905
"US_NJ_34005","5/2/20",-48,-7,-29,110,2,16.677778,0.7366
"US_NJ_34007","5/2/20",-43,-5,-30,127,6,16.772222,0.381
"US_NJ_34009","5/2/20",-14,20,-25,3,1,16.291667,0.22225
"US_NJ_34011","5/2/20",-24,-4,-20,63,3,16.583333,0.22225
"US_NJ_34013","5/2/20",-52,-14,-35,254,25,16.583333,1.7272
"US_NJ_34015","5/2/20",-42,-8,-27,52,2,16.8,0.1778
"US_NJ_34017","5/2/20",-51,-14,-43,253,15,16.605556,2.0828
"US_NJ_34019","5/2/20",-45,-2,-35,14,4,16.261111,0.7366
"US_NJ_34021","5/2/20",-52,-9,-30,194,13,16.627778,0.8128
"US_NJ_34023","5/2/20",-59,-18,-37,266,27,16.2,1.1938
"US_NJ_34025","5/2/20",-53,-10,-34,66,17,16.288889,0.7112
"US_NJ_34027","5/2/20",-57,-16,-38,52,10,16.333333,1.7018
"US_NJ_34029","5/2/20",-41,-4,-28,187,6,16.493827,0.31044444
"US_NJ_34031","5/2/20",-54,-11,-38,268,25,16.4,1.9304
"US_NJ_34033","5/2/20",-21,-20,-19,24,1,16.588889,0.0254
"US_NJ_34035","5/2/20",-59,-16,-38,68,7,16.538889,1.4224
"US_NJ_34037","5/2/20",-30,-6,-28,13,4,15.506173,1.8908889
"US_NJ_34039","5/2/20",-48,-13,-37,217,17,16.583333,1.7272
"US_NJ_34041","5/2/20",-26,-5,-27,21,1,15.683333,0.7874
"US_NJ_34001","5/3/20",-57,-11,-51,25,1,17.364198,1.6933333
"US_NJ_34003","5/3/20",-59,-25,-41,211,8,18.672222,0.98777778
"US_NJ_34005","5/3/20",-53,-15,-29,164,3,17.961111,1.8034
"US_NJ_34007","5/3/20",-46,-11,-30,200,2,17.944444,1.9558
"US_NJ_34009","5/3/20",-27,10,-29,7,1,17.506944,0.889
"US_NJ_34011","5/3/20",-28,-9,-24,72,1,17.6875,1.36525
"US_NJ_34013","5/3/20",-55,-20,-34,273,17,18.816667,0.762
"US_NJ_34015","5/3/20",-43,-16,-29,50,1,17.905556,1.7272
"US_NJ_34017","5/3/20",-53,-23,-43,368,11,19.05,0.762
"US_NJ_34019","5/3/20",-47,-1,-33,39,2,18.427778,1.0442222
"US_NJ_34021","5/3/20",-55,NA,-32,233,3,18.205556,1.7526
"US_NJ_34023","5/3/20",-61,-23,-36,384,21,18.183333,0.84666667
"US_NJ_34025","5/3/20",-54,-13,-32,92,10,18.122222,0.8636
"US_NJ_34027","5/3/20",-57,-27,-37,111,9,18.744444,1.0442222
"US_NJ_34029","5/3/20",-45,-8,-30,179,14,17.246914,1.8062222
"US_NJ_34031","5/3/20",-57,-19,-36,282,8,18.883333,0.762
"US_NJ_34033","5/3/20",-34,1,-23,9,1,17.594444,0.9906
"US_NJ_34035","5/3/20",-59,-23,-37,98,6,18.666667,1.016
"US_NJ_34037","5/3/20",-26,-13,-26,20,1,18.234568,0.9525
"US_NJ_34039","5/3/20",-50,-20,-36,229,7,18.816667,0.762
"US_NJ_34041","5/3/20",-25,-11,-28,16,2,18.372222,1.016
"US_NJ_34001","5/4/20",-48,-5,-51,60,2,18.833333,5.588
"US_NJ_34003","5/4/20",-55,-17,-61,97,5,18.433333,0.127
"US_NJ_34005","5/4/20",-46,-11,-53,57,0,18.866667,0.889
"US_NJ_34007","5/4/20",-38,-9,-50,100,0,19.122222,2.7686
"US_NJ_34009","5/4/20",-23,0,-39,11,0,18.930556,11.65225
"US_NJ_34011","5/4/20",-21,-3,-35,59,2,19.006944,7.71525
"US_NJ_34013","5/4/20",-51,-18,-53,100,10,18.838889,0.127
"US_NJ_34015","5/4/20",-34,-9,-48,49,0,19.1,1.7272
"US_NJ_34017","5/4/20",-48,-16,-63,112,0,18.944444,0.127
"US_NJ_34019","5/4/20",-45,-11,-58,4,0,18.216667,0
"US_NJ_34021","5/4/20",-51,-17,-55,90,1,18.627778,0.7112
"US_NJ_34023","5/4/20",-53,-19,-58,171,3,18.483333,0.4826
"US_NJ_34025","5/4/20",-48,-12,-53,88,3,18.694444,0.7112
"US_NJ_34027","5/4/20",-53,-21,-61,32,0,18.155556,0.127
"US_NJ_34029","5/4/20",-41,-10,-47,103,7,18.635802,2.6246667
"US_NJ_34031","5/4/20",-49,-14,-51,132,1,18.238889,0.127
"US_NJ_34033","5/4/20",-27,2,-37,42,1,18.972222,1.8796
"US_NJ_34035","5/4/20",-55,-23,-61,50,3,18.688889,0.127
"US_NJ_34037","5/4/20",-31,-8,-51,10,1,16.660494,0
"US_NJ_34039","5/4/20",-41,-13,-53,132,-1,18.838889,0.127
"US_NJ_34041","5/4/20",-23,-13,-48,20,1,17.266667,0
"US_NJ_34001","5/5/20",-47,-5,-52,55,0,12.141975,3.0762222
"US_NJ_34003","5/5/20",-53,-11,-61,178,46,11.488889,0
"US_NJ_34005","5/5/20",-45,-7,-54,107,15,11.738889,0.7366
"US_NJ_34007","5/5/20",-38,-6,-50,178,17,11.933333,2.032
"US_NJ_34009","5/5/20",-25,9,-37,14,2,12.618056,4.41325
"US_NJ_34011","5/5/20",-22,-3,-37,45,4,12.284722,2.69875
"US_NJ_34013","5/5/20",-47,-9,-53,219,27,11.622222,0
"US_NJ_34015","5/5/20",-34,-8,-49,34,10,12.033333,1.1938
"US_NJ_34017","5/5/20",-47,-9,-64,218,25,11.833333,0
"US_NJ_34019","5/5/20",-41,-11,-59,14,1,11.172222,0
"US_NJ_34021","5/5/20",-52,-16,-56,149,24,11.577778,0
"US_NJ_34023","5/5/20",-53,-15,-58,374,25,11.266667,0
"US_NJ_34025","5/5/20",-48,-7,-54,112,13,11.588889,0
"US_NJ_34027","5/5/20",-53,-13,-61,76,25,11.244444,0
"US_NJ_34029","5/5/20",-40,-6,-48,86,22,11.728395,1.8908889
"US_NJ_34031","5/5/20",-48,-7,-51,301,30,11.388889,0
"US_NJ_34033","5/5/20",-30,-11,-38,35,1,12.055556,1.1938
"US_NJ_34035","5/5/20",-54,-17,-62,67,8,11.411111,0
"US_NJ_34037","5/5/20",-29,-7,-52,8,4,10.366667,0
"US_NJ_34039","5/5/20",-40,-8,-52,146,31,11.622222,0
"US_NJ_34041","5/5/20",-22,-8,-48,5,4,10.544444,0
"US_NJ_34001","5/6/20",-54,-14,-54,56,3,10.141975,0.53622222
"US_NJ_34003","5/6/20",-59,-18,-61,60,28,10.172222,0.0254
"US_NJ_34005","5/6/20",-52,-17,-54,28,13,10.338889,0.381
"US_NJ_34007","5/6/20",-46,-17,-51,56,9,10.561111,0.4826
"US_NJ_34009","5/6/20",-36,-4,-40,9,2,10.125,0.6985
"US_NJ_34011","5/6/20",-30,-8,-36,74,2,10.520833,0.381
"US_NJ_34013","5/6/20",-55,-21,-54,111,30,10.488889,0.3556
"US_NJ_34015","5/6/20",-43,-14,-50,32,2,10.644444,0.3048
"US_NJ_34017","5/6/20",-54,-22,-64,98,33,10.744444,0.3556
"US_NJ_34019","5/6/20",-51,-14,-58,3,1,9.9277778,0
"US_NJ_34021","5/6/20",-56,-22,-56,117,18,10.127778,0.5842
"US_NJ_34023","5/6/20",-59,-24,-58,112,39,10.188889,0.6858
"US_NJ_34025","5/6/20",-54,-14,-54,62,19,10.561111,0.9144
"US_NJ_34027","5/6/20",-58,-21,-61,30,17,9.7722222,0.3302
"US_NJ_34029","5/6/20",-49,-16,-49,65,14,10.08642,0.81844444
"US_NJ_34031","5/6/20",-54,-17,-51,174,27,9.9777778,0.0254
"US_NJ_34033","5/6/20",-37,-1,-39,6,2,10.633333,0
"US_NJ_34035","5/6/20",-60,-27,-61,40,9,10.155556,0.3302
"US_NJ_34037","5/6/20",-38,-13,-51,8,2,8.2722222,0
"US_NJ_34039","5/6/20",-49,-18,-53,101,32,10.488889,0.3556
"US_NJ_34041","5/6/20",-30,-17,-49,11,3,9.15,0
"US_NJ_34001","5/7/20",-47,-3,-53,56,8,11.555556,0.81844444
"US_NJ_34003","5/7/20",-55,-9,-61,89,30,11.95,0.7366
"US_NJ_34005","5/7/20",-46,-10,-54,132,8,11.45,0.8636
"US_NJ_34007","5/7/20",-40,-9,-50,172,4,11.611111,1.2135556
"US_NJ_34009","5/7/20",-22,5,-39,23,3,11.555556,1.143
"US_NJ_34011","5/7/20",-24,-5,-36,31,0,11.493056,1.11125
"US_NJ_34013","5/7/20",-50,-12,-53,144,32,11.983333,0.6604
"US_NJ_34015","5/7/20",-37,-5,-50,49,3,11.566667,1.2135556
"US_NJ_34017","5/7/20",-45,-7,-64,157,20,12.138889,0.7366
"US_NJ_34019","5/7/20",-46,-7,-58,3,4,11.438889,0.5842
"US_NJ_34021","5/7/20",-51,-16,-55,126,15,11.594444,0.889
"US_NJ_34023","5/7/20",-52,-15,-58,157,31,11.488889,0.508
"US_NJ_34025","5/7/20",-49,-6,-54,97,11,11.505556,0.635
"US_NJ_34027","5/7/20",-54,-15,-61,47,12,11.711111,0.6604
"US_NJ_34029","5/7/20",-42,-6,-47,84,17,11.259259,0.84666667
"US_NJ_34031","5/7/20",-49,-5,-51,162,13,11.977778,0.8382
"US_NJ_34033","5/7/20",-31,3,-39,5,1,11.35,1.0668
"US_NJ_34035","5/7/20",-56,-16,-61,54,5,11.755556,0.7112
"US_NJ_34037","5/7/20",-32,-8,-51,11,1,10.772222,0.508
"US_NJ_34039","5/7/20",-42,-7,-53,177,29,11.983333,0.6604
"US_NJ_34041","5/7/20",-25,-14,-48,11,5,11.061111,0.5842
"US_NJ_34001","5/8/20",-55,-7,-54,121,6,11.95679,0.508
"US_NJ_34003","5/8/20",-60,-15,-59,100,10,10.566667,0.14111111
"US_NJ_34005","5/8/20",-52,-10,-53,64,5,11.316667,0.381
"US_NJ_34007","5/8/20",-46,-12,-49,140,6,11.833333,0.6096
"US_NJ_34009","5/8/20",-29,8,-38,23,0,13.381944,0.47625
"US_NJ_34011","5/8/20",-32,-7,-35,34,3,12.784722,0.4445
"US_NJ_34013","5/8/20",-57,-18,-52,161,17,10.866667,0.33866667
"US_NJ_34015","5/8/20",-42,-9,-48,45,6,11.944444,0.6096
"US_NJ_34017","5/8/20",-53,-18,-62,166,17,11.094444,0.3048
"US_NJ_34019","5/8/20",-51,-7,-56,16,1,10.35,0.028222222
"US_NJ_34021","5/8/20",-55,-15,-54,125,9,10.966667,0.0254
"US_NJ_34023","5/8/20",-57,-18,-56,206,11,10.838889,0.19755556
"US_NJ_34025","5/8/20",-56,-7,-52,103,1,11.188889,0.3048
"US_NJ_34027","5/8/20",-60,-15,-59,65,3,10.211111,0.22577778
"US_NJ_34029","5/8/20",-46,-8,-45,68,16,11.364198,0.39511111
"US_NJ_34031","5/8/20",-56,-15,-50,147,12,10.188889,0.14111111
"US_NJ_34033","5/8/20",-36,-2,-39,5,0,12.333333,0
"US_NJ_34035","5/8/20",-60,-20,-59,54,8,10.772222,0.22577778
"US_NJ_34037","5/8/20",-43,-13,-51,9,2,8.3,0.47977778
"US_NJ_34039","5/8/20",-50,-14,-52,136,15,10.866667,0.33866667
"US_NJ_34041","5/8/20",-33,-15,-49,30,2,9.1888889,0.19755556
"US_NJ_34001","5/9/20",-55,2,-48,71,4,6.2407407,2.5682222
"US_NJ_34003","5/9/20",-61,-7,-43,95,19,4.7388889,9.1722222
"US_NJ_34005","5/9/20",-48,0,-30,100,4,5.4611111,4.1402
"US_NJ_34007","5/9/20",-44,2,-29,139,18,5.6555556,5.1816
"US_NJ_34009","5/9/20",-20,22,-24,18,1,7.0763889,3.20675
"US_NJ_34011","5/9/20",-22,7,-20,121,6,6.3958333,3.65125
"US_NJ_34013","5/9/20",-54,-8,-34,109,16,4.8555556,7.4506667
"US_NJ_34015","5/9/20",-39,0,-26,38,7,5.5888889,5.5626
"US_NJ_34017","5/9/20",-50,-15,-42,155,14,5.0944444,7.747
"US_NJ_34019","5/9/20",-46,7,-31,5,2,4.4111111,9.144
"US_NJ_34021","5/9/20",-52,-5,-30,122,8,5.15,5.8674
"US_NJ_34023","5/9/20",-56,-12,-35,142,11,4.7111111,5.1082222
"US_NJ_34025","5/9/20",-55,2,-31,63,10,5.2,3.2004
"US_NJ_34027","5/9/20",-57,1,-36,66,5,4.3777778,10.414
"US_NJ_34029","5/9/20",-43,7,-27,89,6,5.808642,1.6933333
"US_NJ_34031","5/9/20",-55,-1,-36,148,19,4.5333333,11.317111
"US_NJ_34033","5/9/20",-29,-15,-18,37,0,5.7055556,3.7846
"US_NJ_34035","5/9/20",-58,-6,-35,28,3,4.6888889,7.9586667
"US_NJ_34037","5/9/20",-34,6,-27,8,2,2.9277778,11.938
"US_NJ_34039","5/9/20",-48,-4,-35,67,8,4.8555556,7.4506667
"US_NJ_34041","5/9/20",-25,-2,-27,6,2,3.6,11.204222
"US_NJ_34001","5/10/20",-54,-2,-47,16,0,10.216049,0.084666667
"US_NJ_34003","5/10/20",-53,-16,-37,125,7,9.1277778,0.2794
"US_NJ_34005","5/10/20",-48,-12,-25,43,4,9.8888889,0.0254
"US_NJ_34007","5/10/20",-40,-4,-27,112,8,9.6444444,0.0508
"US_NJ_34009","5/10/20",-11,23,-19,16,0,9.8541667,0.127
"US_NJ_34011","5/10/20",-20,4,-19,42,2,9.7222222,0.0635
"US_NJ_34013","5/10/20",-51,-14,-32,159,9,9.1611111,0.1778
"US_NJ_34015","5/10/20",-38,-9,-25,23,2,9.5166667,0.0254
"US_NJ_34017","5/10/20",-49,-21,-40,147,15,9.4777778,0.254
"US_NJ_34019","5/10/20",-44,-5,-27,8,-1,8.8666667,0.0508
"US_NJ_34021","5/10/20",-50,-11,-31,84,4,9.4444444,0.0508
"US_NJ_34023","5/10/20",-54,-18,-32,178,34,8.9,0
"US_NJ_34025","5/10/20",-51,-7,-27,79,4,9.2722222,0.0254
"US_NJ_34027","5/10/20",-55,-19,-33,21,5,8.8777778,0.0762
"US_NJ_34029","5/10/20",-41,-3,-26,96,18,9.8641975,0.056444444
"US_NJ_34031","5/10/20",-53,-11,-32,115,10,9.0777778,0.254
"US_NJ_34033","5/10/20",-26,12,-21,11,0,9.3666667,0.0254
"US_NJ_34035","5/10/20",-54,-18,-35,58,2,9,0.0508
"US_NJ_34037","5/10/20",-28,-6,-23,3,0,7.8722222,0.1016
"US_NJ_34039","5/10/20",-46,-11,-34,73,15,9.1611111,0.1778
"US_NJ_34041","5/10/20",-22,-12,-21,4,1,8.3722222,0.0508
"US_NJ_34001","5/11/20",-52,-12,-51,23,5,12.592593,0.33866667
"US_NJ_34003","5/11/20",-58,-23,-59,99,3,11.566667,0
"US_NJ_34005","5/11/20",-51,-17,-52,91,2,11.7,0.3302
"US_NJ_34007","5/11/20",-45,-17,-49,89,2,12.011111,0.4318
"US_NJ_34009","5/11/20",-27,3,-35,4,0,13.236111,0.0635
"US_NJ_34011","5/11/20",-27,-9,-34,76,4,12.645833,0.254
"US_NJ_34013","5/11/20",-55,-25,-52,78,3,11.6,0.0508
"US_NJ_34015","5/11/20",-41,-17,-48,36,2,11.844444,0.3048
"US_NJ_34017","5/11/20",-50,-23,-62,114,2,12.083333,0.0508
"US_NJ_34019","5/11/20",-51,-17,-56,9,0,10.233333,0
"US_NJ_34021","5/11/20",-55,-23,-54,76,6,11.177778,0.381
"US_NJ_34023","5/11/20",-55,-26,-56,99,1,11.15,0.1778
"US_NJ_34025","5/11/20",-53,-17,-52,94,2,12,0.2286
"US_NJ_34027","5/11/20",-58,-26,-59,22,2,10.494444,0.0508
"US_NJ_34029","5/11/20",-46,-14,-45,107,7,12.123457,0.508
"US_NJ_34031","5/11/20",-52,-21,-49,102,3,10.966667,0
"US_NJ_34033","5/11/20",-35,-7,-37,0,0,11.855556,0.2032
"US_NJ_34035","5/11/20",-58,-27,-60,39,2,10.972222,0.0508
"US_NJ_34037","5/11/20",-39,-18,-49,7,1,8.85,0
"US_NJ_34039","5/11/20",-46,-20,-51,107,8,11.6,0.0508
"US_NJ_34041","5/11/20",-30,-22,-45,3,0,9.4444444,0
"US_NJ_34001","5/12/20",-46,-6,-50,25,2,10.845679,0.056444444
"US_NJ_34003","5/12/20",-53,-11,-59,63,30,10.011111,1.27
"US_NJ_34005","5/12/20",-47,-8,-53,32,8,10.638889,0.5334
"US_NJ_34007","5/12/20",-40,-9,-49,84,9,10.605556,0.3302
"US_NJ_34009","5/12/20",-20,11,-32,9,3,10.743056,0
"US_NJ_34011","5/12/20",-23,-7,-34,64,3,10.479167,0
"US_NJ_34013","5/12/20",-49,-13,-51,56,18,10.15,0.889
"US_NJ_34015","5/12/20",-36,-11,-48,20,7,10.427778,0.3302
"US_NJ_34017","5/12/20",-46,-12,-62,39,10,10.327778,1.143
"US_NJ_34019","5/12/20",-48,-8,-57,6,0,9.9666667,1.0414
"US_NJ_34021","5/12/20",-52,-16,-55,33,9,10.516667,0.8382
"US_NJ_34023","5/12/20",-52,-17,-57,85,7,10.016667,0.4826
"US_NJ_34025","5/12/20",-49,-7,-52,53,15,10.333333,0.1524
"US_NJ_34027","5/12/20",-53,-18,-59,32,5,9.8111111,1.7018
"US_NJ_34029","5/12/20",-42,-7,-45,64,15,10.623457,0.056444444
"US_NJ_34031","5/12/20",-48,-10,-48,71,18,9.9222222,1.9558
"US_NJ_34033","5/12/20",-31,-12,-36,7,0,10.2,0.3556
"US_NJ_34035","5/12/20",-57,-18,-60,22,4,10.111111,1.0668
"US_NJ_34037","5/12/20",-32,-11,-49,5,7,8.4333333,2.8956
"US_NJ_34039","5/12/20",-42,-12,-50,39,24,10.15,0.889
"US_NJ_34041","5/12/20",-26,-15,-46,14,4,9.2,2.159
"US_NJ_34001","5/13/20",-45,-6,-50,26,9,11.055556,0
"US_NJ_34003","5/13/20",-52,-13,-59,59,21,10.627778,0
"US_NJ_34005","5/13/20",-46,-9,-52,29,6,11.3,0
"US_NJ_34007","5/13/20",-39,-9,-49,56,10,11.455556,0
"US_NJ_34009","5/13/20",-11,13,-35,8,2,11.159722,0
"US_NJ_34011","5/13/20",-22,-9,-34,20,0,11.263889,0
"US_NJ_34013","5/13/20",-47,-15,-51,91,27,10.888889,0
"US_NJ_34015","5/13/20",-33,-9,-47,18,2,11.538889,0
"US_NJ_34017","5/13/20",-43,-12,-61,60,26,11.15,0
"US_NJ_34019","5/13/20",-46,-8,-56,3,2,10.622222,0
"US_NJ_34021","5/13/20",-50,-14,-54,73,11,11.266667,0
"US_NJ_34023","5/13/20",-50,-15,-56,120,18,10.588889,0
"US_NJ_34025","5/13/20",-46,-8,-52,49,6,10.861111,0
"US_NJ_34027","5/13/20",-53,-17,-59,18,8,10.5,0
"US_NJ_34029","5/13/20",-40,-7,-45,55,9,10.783951,0
"US_NJ_34031","5/13/20",-47,-13,-48,41,20,10.527778,0
"US_NJ_34033","5/13/20",-28,-2,-37,10,0,11.494444,0
"US_NJ_34035","5/13/20",-54,-19,-59,12,1,10.861111,0
"US_NJ_34037","5/13/20",-31,-11,-48,3,1,8.8833333,0
"US_NJ_34039","5/13/20",-40,-12,-50,103,9,10.888889,0
"US_NJ_34041","5/13/20",-21,-13,-46,5,6,9.7111111,0
"US_NJ_34001","5/14/20",-43,-6,-51,65,11,13.067901,0
"US_NJ_34003","5/14/20",-52,-13,-60,-70,14,12.655556,0
"US_NJ_34005","5/14/20",-45,-10,-53,56,14,13.533333,0
"US_NJ_34007","5/14/20",-39,-10,-49,73,10,13.916667,0
"US_NJ_34009","5/14/20",-5,17,-36,4,2,13.791667,0
"US_NJ_34011","5/14/20",-24,-8,-36,24,5,13.777778,0
"US_NJ_34013","5/14/20",-47,-14,-51,75,25,12.794444,0
"US_NJ_34015","5/14/20",-36,-7,-48,28,6,14.055556,0
"US_NJ_34017","5/14/20",-43,-10,-62,99,25,13.205556,0
"US_NJ_34019","5/14/20",-45,-8,-57,32,1,12.766667,0
"US_NJ_34021","5/14/20",-50,-14,-54,113,14,13.583333,0
"US_NJ_34023","5/14/20",-50,-16,-57,91,22,12.4,0
"US_NJ_34025","5/14/20",-47,-8,-53,74,14,12.65,0
"US_NJ_34027","5/14/20",-53,-18,-59,28,8,12.366667,0
"US_NJ_34029","5/14/20",-39,-6,-45,54,24,12.598765,0
"US_NJ_34031","5/14/20",-47,-10,-49,130,17,12.655556,0
"US_NJ_34033","5/14/20",-30,-2,-37,10,0,14.055556,0
"US_NJ_34035","5/14/20",-53,-19,-59,32,8,12.727778,0
"US_NJ_34037","5/14/20",-30,-9,-49,5,1,11.3,0
"US_NJ_34039","5/14/20",-41,-12,-51,79,22,12.794444,0
"US_NJ_34041","5/14/20",-23,-15,-47,2,1,11.783333,0
"US_NJ_34001","5/15/20",-47,-3,-53,29,8,20.901235,0.14111111
"US_NJ_34003","5/15/20",-51,-12,-57,115,20,20.066667,0.36688889
"US_NJ_34005","5/15/20",-46,-11,-52,67,10,21.644444,0.1524
"US_NJ_34007","5/15/20",-41,-9,-48,83,6,21.505556,0.31044444
"US_NJ_34009","5/15/20",17,35,-37,4,1,20.840278,0.15875
"US_NJ_34011","5/15/20",-26,-8,-35,17,0,21.111111,0.3175
"US_NJ_34013","5/15/20",-49,-14,-49,129,14,20.577778,0.1905
"US_NJ_34015","5/15/20",-38,-9,-47,32,8,21.516667,0.45155556
"US_NJ_34017","5/15/20",-44,-11,-60,103,10,20.805556,0.19755556
"US_NJ_34019","5/15/20",-43,-8,-56,13,1,20.844444,0.36688889
"US_NJ_34021","5/15/20",-50,-13,-52,61,12,21.605556,0.0762
"US_NJ_34023","5/15/20",-50,-15,-54,97,24,20.216667,0.15875
"US_NJ_34025","5/15/20",-47,-7,-51,60,15,20.5,0.056444444
"US_NJ_34027","5/15/20",-52,-13,-57,36,11,20.733333,0.60325
"US_NJ_34029","5/15/20",-37,-5,-45,87,15,20.820988,0
"US_NJ_34031","5/15/20",-48,-9,-48,43,14,20.583333,0.56444444
"US_NJ_34033","5/15/20",-30,1,-37,8,0,20.994444,0.4064
"US_NJ_34035","5/15/20",-53,-17,-57,22,11,20.872222,0.15875
"US_NJ_34037","5/15/20",-31,-11,-49,1,0,19.811111,1.524
"US_NJ_34039","5/15/20",-42,-10,-49,107,9,20.577778,0.1905
"US_NJ_34041","5/15/20",-24,-15,-46,4,3,20.355556,0.84666667
"US_NJ_34001","5/16/20",-50,-2,-46,38,3,21.475309,0
"US_NJ_34003","5/16/20",-56,-15,-40,51,7,21.166667,1.1006667
"US_NJ_34005","5/16/20",-45,-11,-25,26,1,22.611111,0
"US_NJ_34007","5/16/20",-43,-6,-27,126,6,22.755556,0
"US_NJ_34009","5/16/20",39,54,-20,13,1,20.923611,0
"US_NJ_34011","5/16/20",-21,-5,-16,104,1,21.798611,0
"US_NJ_34013","5/16/20",-48,-12,-30,79,12,21.472222,0.508
"US_NJ_34015","5/16/20",-40,-11,-24,23,7,22.727778,0
"US_NJ_34017","5/16/20",-44,-15,-38,89,3,21.65,0.5334
"US_NJ_34019","5/16/20",-38,-2,-28,18,0,21.577778,1.0724444
"US_NJ_34021","5/16/20",-49,-11,-25,46,10,22.588889,0.0508
"US_NJ_34023","5/16/20",-52,-18,-31,85,7,21.261111,0.11288889
"US_NJ_34025","5/16/20",-47,-5,-29,73,8,21.527778,0.0508
"US_NJ_34027","5/16/20",-52,-11,-33,22,11,21.416667,1.8062222
"US_NJ_34029","5/16/20",-35,2,-24,49,7,21.549383,0
"US_NJ_34031","5/16/20",-50,-7,-31,101,15,21.177778,1.9191111
"US_NJ_34033","5/16/20",-22,-17,-17,11,1,22.266667,0.0762
"US_NJ_34035","5/16/20",-54,-17,-31,31,4,21.85,0.19755556
"US_NJ_34037","5/16/20",-24,-2,-24,6,0,19.916667,5.0235556
"US_NJ_34039","5/16/20",-43,-11,-31,77,7,21.472222,0.508
"US_NJ_34041","5/16/20",-21,-7,-24,5,0,20.577778,2.4553333
"US_NJ_34001","5/17/20",-55,-6,-45,42,2,15.061728,0
"US_NJ_34003","5/17/20",-54,-21,-35,115,5,15.916667,0.0508
"US_NJ_34005","5/17/20",-48,-18,-23,62,0,15.955556,0
"US_NJ_34007","5/17/20",-43,-13,-26,74,4,16.422222,0
"US_NJ_34009","5/17/20",8,36,-17,3,0,14.784722,0
"US_NJ_34011","5/17/20",-21,-7,-17,16,2,15.763889,0
"US_NJ_34013","5/17/20",-50,-18,-28,108,6,16,0.0254
"US_NJ_34015","5/17/20",-40,-15,-24,21,3,16.588889,0
"US_NJ_34017","5/17/20",-46,-22,-36,121,12,16.044444,0.0254
"US_NJ_34019","5/17/20",-39,-8,-26,13,3,16.494444,0.0254
"US_NJ_34021","5/17/20",-49,-16,-27,106,11,16.033333,0
"US_NJ_34023","5/17/20",-55,-23,-29,154,12,15.238889,0
"US_NJ_34025","5/17/20",-47,-11,-26,42,5,14.955556,0
"US_NJ_34027","5/17/20",-51,-21,-29,24,0,16.411111,0.0508
"US_NJ_34029","5/17/20",-39,-8,-24,35,9,14.851852,0
"US_NJ_34031","5/17/20",-53,-15,-30,174,7,16.288889,0.0762
"US_NJ_34033","5/17/20",-32,0,-20,2,0,16.405556,0
"US_NJ_34035","5/17/20",-53,-24,-29,43,12,16.15,0
"US_NJ_34037","5/17/20",-22,-10,-17,3,1,15.883333,0.1778
"US_NJ_34039","5/17/20",-46,-16,-28,133,11,16,0.0254
"US_NJ_34041","5/17/20",-18,-14,-23,1,2,16.188889,0.1016
"US_NJ_34001","5/18/20",-47,-5,-49,49,0,14.018519,0
"US_NJ_34003","5/18/20",-49,-16,-56,98,5,15.483333,0.0254
"US_NJ_34005","5/18/20",-44,-12,-50,49,6,14.555556,0
"US_NJ_34007","5/18/20",-38,-10,-47,118,3,15.077778,0
"US_NJ_34009","5/18/20",-14,15,-33,3,0,14.076389,0
"US_NJ_34011","5/18/20",-22,-5,-31,71,2,14.888889,0
"US_NJ_34013","5/18/20",-45,-16,-49,460,18,15.544444,0.028222222
"US_NJ_34015","5/18/20",-33,-9,-46,75,1,15.405556,0
"US_NJ_34017","5/18/20",-40,-14,-59,127,11,15.544444,0.028222222
"US_NJ_34019","5/18/20",-40,-8,-55,38,0,15.638889,0.0254
"US_NJ_34021","5/18/20",-47,-18,-51,125,1,14.794444,0
"US_NJ_34023","5/18/20",-47,-17,-54,84,4,14.733333,0
"US_NJ_34025","5/18/20",-44,-9,-49,69,5,14.372222,0.028222222
"US_NJ_34027","5/18/20",-47,-16,-57,56,8,15.783333,0.028222222
"US_NJ_34029","5/18/20",-40,-9,-42,81,7,13.660494,0
"US_NJ_34031","5/18/20",-44,-14,-45,73,1,15.85,0.0508
"US_NJ_34033","5/18/20",-31,-7,-34,6,1,15.4,0
"US_NJ_34035","5/18/20",-50,-20,-58,23,0,15.455556,0
"US_NJ_34037","5/18/20",-24,-10,-47,5,0,15.472222,0.0254
"US_NJ_34039","5/18/20",-38,-14,-48,201,5,15.544444,0.028222222
"US_NJ_34041","5/18/20",-16,-14,-43,8,1,15.738889,0.0254
"US_NJ_34001","5/19/20",-42,-3,-49,31,9,14.475309,0
"US_NJ_34003","5/19/20",-47,-11,-57,63,14,15.7,0
"US_NJ_34005","5/19/20",-43,-6,-50,14,2,15.083333,0
"US_NJ_34007","5/19/20",-36,-7,-47,71,4,15.305556,0
"US_NJ_34009","5/19/20",-14,13,-32,12,1,14.520833,0.127
"US_NJ_34011","5/19/20",-22,-7,-32,80,3,15.305556,0
"US_NJ_34013","5/19/20",-44,-11,-49,86,19,15.966667,0
"US_NJ_34015","5/19/20",-32,-8,-46,28,8,15.572222,0
"US_NJ_34017","5/19/20",-41,-10,-60,47,14,16.033333,0
"US_NJ_34019","5/19/20",-41,-6,-55,39,1,15.466667,0
"US_NJ_34021","5/19/20",-48,-13,-53,68,14,15.194444,0
"US_NJ_34023","5/19/20",-46,-13,-55,82,15,15.338889,0
"US_NJ_34025","5/19/20",-44,-4,-50,62,7,15.433333,0
"US_NJ_34027","5/19/20",-48,-13,-57,8,3,16.016667,0
"US_NJ_34029","5/19/20",-38,-4,-43,73,10,14.45679,0
"US_NJ_34031","5/19/20",-43,-8,-46,93,3,15.955556,0
"US_NJ_34033","5/19/20",-30,-8,-35,5,1,15.705556,0
"US_NJ_34035","5/19/20",-50,-16,-58,34,7,15.777778,0
"US_NJ_34037","5/19/20",-22,-8,-47,2,1,15.322222,0
"US_NJ_34039","5/19/20",-37,-9,-48,128,15,15.966667,0
"US_NJ_34041","5/19/20",-17,-10,-44,5,0,15.483333,0
"US_NJ_34001","5/20/20",-44,-4,-49,37,5,12.049383,0
"US_NJ_34003","5/20/20",-47,-10,-57,-4,26,13.55,0
"US_NJ_34005","5/20/20",-46,-5,-51,58,2,12.877778,0
"US_NJ_34007","5/20/20",-37,-9,-47,94,7,12.872222,0
"US_NJ_34009","5/20/20",-11,16,-33,13,0,12,0
"US_NJ_34011","5/20/20",-22,-5,-32,71,1,12.673611,0
"US_NJ_34013","5/20/20",-43,-11,-49,166,4,13.605556,0
"US_NJ_34015","5/20/20",-32,-4,-46,31,2,13.144444,0
"US_NJ_34017","5/20/20",-39,-11,-60,127,24,13.777778,0
"US_NJ_34019","5/20/20",-42,0,-54,35,2,12.805556,0
"US_NJ_34021","5/20/20",-48,-11,-52,144,9,12.844444,0
"US_NJ_34023","5/20/20",-46,-12,-54,120,10,12.627778,0
"US_NJ_34025","5/20/20",-43,-2,-49,71,11,13.172222,0
"US_NJ_34027","5/20/20",-46,-13,-57,39,9,13.394444,0
"US_NJ_34029","5/20/20",-38,-4,-43,98,13,12.32716,0
"US_NJ_34031","5/20/20",-42,-10,-46,55,13,13.783333,0
"US_NJ_34033","5/20/20",-30,-1,-37,11,2,13.105556,0
"US_NJ_34035","5/20/20",-49,-16,-58,37,2,13.044444,0
"US_NJ_34037","5/20/20",-20,-4,-47,6,1,12.844444,0
"US_NJ_34039","5/20/20",-36,-11,-49,91,17,13.605556,0
"US_NJ_34041","5/20/20",-18,-13,-45,9,1,12.872222,0
"US_NJ_34001","5/21/20",-40,1,-49,20,2,12.641975,0
"US_NJ_34003","5/21/20",-46,-7,-57,65,8,12.333333,0
"US_NJ_34005","5/21/20",-43,-1,-51,39,0,13.461111,0
"US_NJ_34007","5/21/20",-35,-5,-47,80,4,13.366667,0
"US_NJ_34009","5/21/20",9,35,-32,3,2,12.833333,0
"US_NJ_34011","5/21/20",-21,-5,-33,39,3,13.173611,0
"US_NJ_34013","5/21/20",-43,-10,-50,54,7,12.444444,0
"US_NJ_34015","5/21/20",-31,-3,-46,36,2,13.488889,0
"US_NJ_34017","5/21/20",-37,-6,-60,66,15,12.838889,0
"US_NJ_34019","5/21/20",-38,-3,-55,5,0,12.333333,0.0254
"US_NJ_34021","5/21/20",-46,-9,-52,43,7,13.327778,0
"US_NJ_34023","5/21/20",-44,-9,-54,103,8,11.755556,0
"US_NJ_34025","5/21/20",-42,-1,-50,96,6,12.644444,0
"US_NJ_34027","5/21/20",-46,-9,-57,16,2,12.294444,0.0254
"US_NJ_34029","5/21/20",-33,2,-43,49,5,12.771605,0
"US_NJ_34031","5/21/20",-41,-6,-47,71,9,12.572222,0.0254
"US_NJ_34033","5/21/20",-28,3,-36,3,1,13.327778,0
"US_NJ_34035","5/21/20",-48,-13,-58,41,3,12.205556,0
"US_NJ_34037","5/21/20",-17,1,-47,8,0,11.938889,0.0254
"US_NJ_34039","5/21/20",-36,-8,-49,54,11,12.444444,0
"US_NJ_34041","5/21/20",-16,-6,-44,11,1,11.9,0.0254
"US_NJ_34001","5/22/20",-50,-6,-51,24,2,15.819444,0.5715
"US_NJ_34003","5/22/20",-48,-7,-55,70,7,16.45,0
"US_NJ_34005","5/22/20",-49,-6,-50,120,12,16.527778,0.381
"US_NJ_34007","5/22/20",-41,-11,-47,105,9,16.58642,1.7215556
"US_NJ_34009","5/22/20",10,40,-32,11,2,15.798611,0.47625
"US_NJ_34011","5/22/20",-31,-8,-34,52,1,15.944444,0.381
"US_NJ_34013","5/22/20",-48,-13,-47,108,9,16.316667,0.0508
"US_NJ_34015","5/22/20",-41,-8,-46,29,3,16.512346,1.524
"US_NJ_34017","5/22/20",-42,-10,-57,83,13,16.622222,0.0508
"US_NJ_34019","5/22/20",-41,-1,-55,13,0,16.45,0.0254
"US_NJ_34021","5/22/20",-50,-12,-50,90,5,16.569444,0.41275
"US_NJ_34023","5/22/20",-48,-12,-52,108,14,15.738889,0.2032
"US_NJ_34025","5/22/20",-45,-2,-48,58,6,15.944444,0.36688889
"US_NJ_34027","5/22/20",-49,-7,-55,16,4,16.522222,0.0762
"US_NJ_34029","5/22/20",-36,0,-42,71,17,15.801587,0.65314286
"US_NJ_34031","5/22/20",-45,-7,-45,107,17,16.7,0.0254
"US_NJ_34033","5/22/20",-35,-3,-36,39,2,16.227778,0
"US_NJ_34035","5/22/20",-50,-12,-55,26,5,16.194444,0.0508
"US_NJ_34037","5/22/20",-25,-2,-48,-2,1,16.255556,0.0254
"US_NJ_34039","5/22/20",-41,-11,-47,15,13,16.316667,0.0508
"US_NJ_34041","5/22/20",-21,-8,-45,7,0,16.277778,0.0254
"US_NJ_34001","5/23/20",-52,-4,-43,17,13,18.308642,6.8862222
"US_NJ_34003","5/23/20",-60,-20,-38,15,6,17.494444,1.4957778
"US_NJ_34005","5/23/20",-51,-9,-24,35,5,18.969136,11.486444
"US_NJ_34007","5/23/20",-45,-10,-26,30,4,19.388889,12.2682
"US_NJ_34009","5/23/20",29,51,-11,13,2,18.701389,10.16
"US_NJ_34011","5/23/20",-24,-4,-17,3,1,19.361111,11.52525
"US_NJ_34013","5/23/20",-55,-18,-30,51,3,17.483333,1.524
"US_NJ_34015","5/23/20",-43,-12,-21,13,2,19.672222,13.6398
"US_NJ_34017","5/23/20",-50,-22,-36,13,4,17.355556,1.3828889
"US_NJ_34019","5/23/20",-45,0,-26,0,2,19.244444,12.982222
"US_NJ_34021","5/23/20",-50,-11,-24,56,4,18.962963,12.192
"US_NJ_34023","5/23/20",-55,-20,-30,50,7,17.35,6.95325
"US_NJ_34025","5/23/20",-55,-12,-26,25,8,16.901235,3.58775
"US_NJ_34027","5/23/20",-58,-16,-32,21,3,18.416667,7.747
"US_NJ_34029","5/23/20",-39,0,-21,31,8,17.965278,6.25475
"US_NJ_34031","5/23/20",-55,-16,-32,6,7,17.961111,4.1204444
"US_NJ_34033","5/23/20",-26,-23,-11,12,1,19.55,10.541
"US_NJ_34035","5/23/20",-56,-19,-28,9,5,18.338889,7.239
"US_NJ_34037","5/23/20",-29,-3,-23,2,4,18.444444,8.6077778
"US_NJ_34039","5/23/20",-50,-18,-30,-5,4,17.483333,1.524
"US_NJ_34041","5/23/20",-29,-12,-24,1,3,18.944444,9.1722222
"US_NJ_34001","5/24/20",-52,-2,-42,25,1,13.796296,3.9228889
"US_NJ_34003","5/24/20",-51,-15,-32,136,4,14.65,9.144
"US_NJ_34005","5/24/20",-49,-10,-21,56,4,14.666667,5.1364444
"US_NJ_34007","5/24/20",-40,-8,-24,71,4,15.222222,5.0292
"US_NJ_34009","5/24/20",56,74,-12,3,0,14.013889,2.7305
"US_NJ_34011","5/24/20",-23,-4,-19,23,1,15,3.27025
"US_NJ_34013","5/24/20",-48,-13,-25,77,7,14.75,8.636
"US_NJ_34015","5/24/20",-39,-11,-21,22,0,15.705556,4.826
"US_NJ_34017","5/24/20",-42,-16,-33,67,1,14.772222,9.4742
"US_NJ_34019","5/24/20",-35,5,-24,22,0,15.577778,8.7122
"US_NJ_34021","5/24/20",-47,-13,-23,62,2,14.975309,9.0028889
"US_NJ_34023","5/24/20",-50,-16,-26,136,13,14.277778,8.4074
"US_NJ_34025","5/24/20",-44,-6,-21,80,5,13.944444,4.318
"US_NJ_34027","5/24/20",-48,-15,-26,15,2,15.411111,10.8458
"US_NJ_34029","5/24/20",-34,3,-20,56,0,13.347222,3.20675
"US_NJ_34031","5/24/20",-48,-11,-28,76,2,15.266667,7.7978
"US_NJ_34033","5/24/20",-32,6,-20,17,1,15.716667,2.7432
"US_NJ_34035","5/24/20",-49,-16,-25,25,2,14.977778,10.0076
"US_NJ_34037","5/24/20",-13,5,-17,2,0,15.277778,8.4074
"US_NJ_34039","5/24/20",-43,-12,-28,-17,3,14.75,8.636
"US_NJ_34041","5/24/20",-12,-5,-21,6,0,15.727778,7.5184
"US_NJ_34001","5/25/20",-46,-9,-70,67,0,15.432099,0.028222222
"US_NJ_34003","5/25/20",-52,-17,-80,97,0,16,0.0508
"US_NJ_34005","5/25/20",-54,-15,-77,47,1,16.290123,0
"US_NJ_34007","5/25/20",-43,-17,-74,79,1,16.611111,0
"US_NJ_34009","5/25/20",33,34,-56,9,0,15.305556,0.03175
"US_NJ_34011","5/25/20",-28,-11,-65,44,0,16.222222,0.03175
"US_NJ_34013","5/25/20",-51,-20,-71,60,0,16.15,0
"US_NJ_34015","5/25/20",-40,-19,-75,23,4,16.822222,0
"US_NJ_34017","5/25/20",-40,-15,-78,74,-2,16.233333,0.0254
"US_NJ_34019","5/25/20",-43,-18,-82,6,0,16.738889,0
"US_NJ_34021","5/25/20",-50,-19,-75,78,1,16.45679,0.028222222
"US_NJ_34023","5/25/20",-46,-19,-79,86,0,15.522222,0.0254
"US_NJ_34025","5/25/20",-43,-9,-75,65,0,15.388889,0.028222222
"US_NJ_34027","5/25/20",-51,-19,-82,52,1,16.577778,0
"US_NJ_34029","5/25/20",-35,-6,-68,58,4,15.069444,0.03175
"US_NJ_34031","5/25/20",-47,-14,-75,88,1,16.483333,0.0254
"US_NJ_34033","5/25/20",-35,-4,-69,14,1,16.75,0
"US_NJ_34035","5/25/20",-52,-21,-82,30,0,16.244444,0
"US_NJ_34037","5/25/20",-20,-2,-79,5,0,16.366667,0
"US_NJ_34039","5/25/20",-41,-15,-76,49,-1,16.15,0
"US_NJ_34041","5/25/20",-10,-11,-75,7,0,16.694444,0
"US_NJ_34001","5/26/20",-40,1,-45,21,5,17.376543,0.028222222
"US_NJ_34003","5/26/20",-45,-11,-54,62,3,18.011111,0
"US_NJ_34005","5/26/20",-46,-5,-49,26,2,18.839506,0.028222222
"US_NJ_34007","5/26/20",-36,-7,-46,68,-1,18.983333,0
"US_NJ_34009","5/26/20",14,35,-28,1,0,16.298611,0
"US_NJ_34011","5/26/20",-20,-7,-32,33,0,17.416667,0
"US_NJ_34013","5/26/20",-42,-11,-46,53,10,17.777778,0
"US_NJ_34015","5/26/20",-32,-8,-45,14,0,18.9,0
"US_NJ_34017","5/26/20",-36,-8,-57,45,6,17.788889,0
"US_NJ_34019","5/26/20",-40,-7,-53,1,0,19.772222,0
"US_NJ_34021","5/26/20",-46,-14,-50,53,2,19.166667,0
"US_NJ_34023","5/26/20",-44,-13,-52,62,4,17.144444,0
"US_NJ_34025","5/26/20",-40,-2,-47,46,3,16.598765,0.028222222
"US_NJ_34027","5/26/20",-46,-14,-55,20,2,19.066667,0
"US_NJ_34029","5/26/20",-33,-1,-40,32,2,17.090278,0.03175
"US_NJ_34031","5/26/20",-40,-8,-44,52,1,18.85,0
"US_NJ_34033","5/26/20",-29,-10,-35,7,0,18.361111,0
"US_NJ_34035","5/26/20",-48,-15,-57,9,0,18.405556,0
"US_NJ_34037","5/26/20",-19,-8,-46,5,0,19.816667,0
"US_NJ_34039","5/26/20",-36,-9,-46,75,6,17.777778,0
"US_NJ_34041","5/26/20",-17,-13,-43,4,2,20.044444,0
"US_NJ_34001","5/27/20",-39,-2,-45,38,6,18.567901,0
"US_NJ_34003","5/27/20",-45,-10,-54,60,19,18.677778,0
"US_NJ_34005","5/27/20",-45,-6,-49,51,2,20.148148,0
"US_NJ_34007","5/27/20",-35,-8,-45,56,6,20.305556,0
"US_NJ_34009","5/27/20",4,23,-30,21,0,17.305556,0
"US_NJ_34011","5/27/20",-20,-7,-31,74,2,18.381944,0
"US_NJ_34013","5/27/20",-42,-12,-47,83,19,18.45,0
"US_NJ_34015","5/27/20",-31,-6,-45,27,2,20.088889,0
"US_NJ_34017","5/27/20",-36,-9,-57,36,15,18.533333,0
"US_NJ_34019","5/27/20",-41,-7,-52,6,0,20.733333,0
"US_NJ_34021","5/27/20",-46,-12,-49,48,6,20.345679,0.028222222
"US_NJ_34023","5/27/20",-43,-11,-51,48,5,17.911111,0.0254
"US_NJ_34025","5/27/20",-39,-2,-47,50,16,17.5,0.028222222
"US_NJ_34027","5/27/20",-47,-14,-55,10,5,19.838889,0
"US_NJ_34029","5/27/20",-33,-1,-40,52,12,18.3125,0.03175
"US_NJ_34031","5/27/20",-39,-10,-43,47,7,19.461111,0
"US_NJ_34033","5/27/20",-27,-1,-34,6,3,19.405556,0
"US_NJ_34035","5/27/20",-48,-17,-56,16,9,19.238889,0
"US_NJ_34037","5/27/20",-19,-6,-44,6,1,20.45,0
"US_NJ_34039","5/27/20",-35,-11,-46,31,12,18.45,0
"US_NJ_34041","5/27/20",-16,-12,-43,9,1,20.677778,0
"US_NJ_34001","5/28/20",-43,-3,-46,33,1,20.580247,0.084666667
"US_NJ_34003","5/28/20",-47,-10,-55,135,6,19.877778,0
"US_NJ_34005","5/28/20",-46,-5,-49,44,2,21.816667,0.2286
"US_NJ_34007","5/28/20",-38,-10,-46,65,5,22.072222,0.2286
"US_NJ_34009","5/28/20",0,25,-28,10,0,20.131944,0.254
"US_NJ_34011","5/28/20",-21,-4,-31,48,0,20.638889,0.1905
"US_NJ_34013","5/28/20",-45,-14,-47,112,4,19.861111,0
"US_NJ_34015","5/28/20",-34,-6,-45,35,3,21.911111,0.2032
"US_NJ_34017","5/28/20",-38,-8,-58,94,3,19.905556,0
"US_NJ_34019","5/28/20",-43,-1,-52,1,1,21.811111,0.254
"US_NJ_34021","5/28/20",-47,-10,-49,78,4,21.761111,0.254
"US_NJ_34023","5/28/20",-46,-13,-52,86,4,19.694444,0.15875
"US_NJ_34025","5/28/20",-43,-4,-47,51,3,19.533333,0.028222222
"US_NJ_34027","5/28/20",-50,-12,-55,65,5,20.933333,0.1905
"US_NJ_34029","5/28/20",-38,-2,-42,63,7,20.537037,0.084666667
"US_NJ_34031","5/28/20",-43,-10,-45,86,4,20.511111,0.028222222
"US_NJ_34033","5/28/20",-31,0,-35,13,2,21.266667,0.127
"US_NJ_34035","5/28/20",-50,-15,-56,17,2,20.6,0.1905
"US_NJ_34037","5/28/20",-26,-6,-45,9,1,20.738889,0.28222222
"US_NJ_34039","5/28/20",-37,-11,-47,151,5,19.861111,0
"US_NJ_34041","5/28/20",-23,-14,-42,1,0,21.3,0.28222222
"US_NJ_34001","5/29/20",-47,-5,-47,34,2,22.623457,0.14111111
"US_NJ_34003","5/29/20",-49,-11,-53,65,14,22.311111,0.14111111
"US_NJ_34005","5/29/20",-46,-7,-47,43,9,24.074074,0.28222222
"US_NJ_34007","5/29/20",-39,-9,-44,58,9,24.238889,0.2794
"US_NJ_34009","5/29/20",10,33,-25,9,0,22.305556,0.127
"US_NJ_34011","5/29/20",-25,-9,-31,63,4,23.013889,0.127
"US_NJ_34013","5/29/20",-47,-13,-45,96,19,22.955556,0.084666667
"US_NJ_34015","5/29/20",-36,-7,-43,33,4,24.3,0.2794
"US_NJ_34017","5/29/20",-40,-9,-56,61,7,22.833333,0.0762
"US_NJ_34019","5/29/20",-43,-7,-50,7,0,24.066667,0.45155556
"US_NJ_34021","5/29/20",-47,-11,-47,105,4,24.240741,0.33866667
"US_NJ_34023","5/29/20",-47,-13,-50,101,4,22.872222,0.16933333
"US_NJ_34025","5/29/20",-46,-4,-45,88,9,22.623457,0.056444444
"US_NJ_34027","5/29/20",-51,-13,-52,13,5,24.016667,0.22577778
"US_NJ_34029","5/29/20",-38,-7,-44,50,10,22.388889,0.15875
"US_NJ_34031","5/29/20",-45,-11,-43,86,14,23.144444,0.16933333
"US_NJ_34033","5/29/20",-31,-1,-34,10,0,23.744444,0.2794
"US_NJ_34035","5/29/20",-50,-14,-53,30,1,23.622222,0.28222222
"US_NJ_34037","5/29/20",-30,-10,-43,2,0,23.433333,1.1288889
"US_NJ_34039","5/29/20",-37,-10,-46,135,13,22.955556,0.084666667
"US_NJ_34041","5/29/20",-24,-12,-41,7,2,23.727778,1.1288889
"US_NJ_34001","5/30/20",-46,5,-36,29,1,23.104167,0
"US_NJ_34003","5/30/20",-51,-10,-25,-12,6,22.183333,2.4271111
"US_NJ_34005","5/30/20",-45,0,-12,48,4,23.666667,0.28575
"US_NJ_34007","5/30/20",-38,-3,-15,75,7,23.709877,1.6086667
"US_NJ_34009","5/30/20",57,74,-1,4,1,22.965278,0.09525
"US_NJ_34011","5/30/20",-20,-2,-7,50,3,23.340278,0
"US_NJ_34013","5/30/20",-43,-9,-18,48,10,22.65,2.1731111
"US_NJ_34015","5/30/20",-38,-7,-10,19,0,23.537037,1.6086667
"US_NJ_34017","5/30/20",-36,-10,-23,56,5,22.766667,1.9812
"US_NJ_34019","5/30/20",-36,2,-11,4,2,22.327778,4.2897778
"US_NJ_34021","5/30/20",-45,-7,-11,75,4,23.361111,1.524
"US_NJ_34023","5/30/20",-47,-12,-17,90,17,22.433333,0.90311111
"US_NJ_34025","5/30/20",-41,2,-15,59,9,22.783951,0.19755556
"US_NJ_34027","5/30/20",-49,-6,-14,16,3,22.538889,4.4026667
"US_NJ_34029","5/30/20",-28,8,-10,73,5,22.880952,0
"US_NJ_34031","5/30/20",-46,-5,-20,54,8,22.338889,4.0075556
"US_NJ_34033","5/30/20",-18,-20,-3,19,3,23.305556,0
"US_NJ_34035","5/30/20",-49,-11,-14,15,6,22.733333,1.8062222
"US_NJ_34037","5/30/20",-20,3,-9,4,2,21.116667,7.3942222
"US_NJ_34039","5/30/20",-36,-7,-19,154,7,22.65,2.1731111
"US_NJ_34041","5/30/20",-19,-5,-13,9,0,21.466667,6.4628889
"US_NJ_34001","5/31/20",-47,3,-38,31,0,19.401235,0
"US_NJ_34003","5/31/20",-49,-16,-21,61,6,18.388889,0.4318
"US_NJ_34005","5/31/20",-47,-5,-11,60,1,19.135802,0.028222222
"US_NJ_34007","5/31/20",-37,-6,-16,85,4,19.283333,0.1778
"US_NJ_34009","5/31/20",56,74,0,2,0,19.5625,0
"US_NJ_34011","5/31/20",-18,0,-9,39,1,19.479167,0
"US_NJ_34013","5/31/20",-44,-14,-19,35,7,18.583333,0.2286
"US_NJ_34015","5/31/20",-37,-6,-13,17,0,19.261111,0.1778
"US_NJ_34017","5/31/20",-39,-14,-23,76,10,18.866667,0.2286
"US_NJ_34019","5/31/20",-32,1,-9,8,0,17.861111,0.4318
"US_NJ_34021","5/31/20",-44,-11,-15,83,2,18.796296,0.42333333
"US_NJ_34023","5/31/20",-48,-16,-16,97,5,18.383333,0.254
"US_NJ_34025","5/31/20",-40,-3,-13,60,1,18.858025,0
"US_NJ_34027","5/31/20",-45,-16,-12,80,2,18.033333,0.762
"US_NJ_34029","5/31/20",-27,3,-12,48,13,19.145833,0
"US_NJ_34031","5/31/20",-45,-12,-20,71,3,18.161111,0.5842
"US_NJ_34033","5/31/20",-25,7,-12,13,1,19.294444,0.381
"US_NJ_34035","5/31/20",-47,-17,-15,16,2,18.483333,0.4826
"US_NJ_34037","5/31/20",-11,1,-9,0,0,16.222222,1.1684
"US_NJ_34039","5/31/20",-38,-11,-19,57,6,18.583333,0.2286
"US_NJ_34041","5/31/20",-15,-8,-11,-2,0,16.883333,0.8382
"US_NJ_34001","6/1/20",-41,3,-44,8,0,15.882716,0
"US_NJ_34003","6/1/20",-43,-12,-52,30,1,15.4,0
"US_NJ_34005","6/1/20",-42,-2,-47,30,3,16.538889,0
"US_NJ_34007","6/1/20",-32,-2,-43,33,0,16.211111,0
"US_NJ_34009","6/1/20",15,45,-24,6,0,16.354167,0
"US_NJ_34011","6/1/20",-17,2,-29,12,2,16.284722,0
"US_NJ_34013","6/1/20",-38,-11,-44,66,3,15.611111,0
"US_NJ_34015","6/1/20",-30,0,-43,11,1,16.488889,0
"US_NJ_34017","6/1/20",-35,-8,-55,9,-1,16.055556,0
"US_NJ_34019","6/1/20",-35,-5,-50,3,0,14.788889,0
"US_NJ_34021","6/1/20",-47,-17,-49,28,3,16.383333,0
"US_NJ_34023","6/1/20",-41,-12,-49,56,2,15.288889,0
"US_NJ_34025","6/1/20",-38,-1,-45,30,2,16.366667,0
"US_NJ_34027","6/1/20",-43,-12,-52,43,1,14.877778,0
"US_NJ_34029","6/1/20",-30,2,-37,22,1,16.271605,0
"US_NJ_34031","6/1/20",-38,-9,-41,30,1,15.161111,0
"US_NJ_34033","6/1/20",-23,5,-31,5,3,16.494444,0
"US_NJ_34035","6/1/20",-44,-16,-53,12,0,15.344444,0
"US_NJ_34037","6/1/20",-19,-5,-42,4,-1,13.183333,0
"US_NJ_34039","6/1/20",-31,-10,-43,37,1,15.611111,0
"US_NJ_34041","6/1/20",-10,-5,-40,5,1,13.838889,0
"US_NJ_34001","6/2/20",-41,2,-43,29,3,18.055556,0
"US_NJ_34003","6/2/20",-44,-8,-52,31,4,17.822222,0
"US_NJ_34005","6/2/20",-42,2,-48,23,3,18.561111,0
"US_NJ_34007","6/2/20",-34,-1,-45,60,1,18.383333,0
"US_NJ_34009","6/2/20",13,37,-24,5,1,18.298611,0
"US_NJ_34011","6/2/20",-18,0,-29,35,3,18.430556,0
"US_NJ_34013","6/2/20",-40,-7,-45,57,5,17.988889,0
"US_NJ_34015","6/2/20",-31,0,-43,17,0,18.238889,0
"US_NJ_34017","6/2/20",-36,-3,-55,27,6,18.666667,0
"US_NJ_34019","6/2/20",-39,-3,-52,3,0,16.533333,0
"US_NJ_34021","6/2/20",-48,-15,-48,43,2,18.227778,0
"US_NJ_34023","6/2/20",-42,-9,-50,44,1,17.588889,0
"US_NJ_34025","6/2/20",-41,0,-46,40,9,18.833333,0
"US_NJ_34027","6/2/20",-46,-10,-52,6,1,16.744444,0
"US_NJ_34029","6/2/20",-32,1,-39,47,3,18.351852,0
"US_NJ_34031","6/2/20",-40,-7,-42,34,2,17.316667,0
"US_NJ_34033","6/2/20",-24,-6,-30,6,1,18.211111,0
"US_NJ_34035","6/2/20",-47,-12,-54,10,0,17.377778,0
"US_NJ_34037","6/2/20",-20,-6,-43,9,0,14.938889,0
"US_NJ_34039","6/2/20",-33,-6,-44,10,4,17.988889,0
"US_NJ_34041","6/2/20",-15,-8,-40,8,0,15.477778,0
"US_NJ_34001","6/3/20",-41,0,-44,33,1,22.469136,1.4605
"US_NJ_34003","6/3/20",-46,-10,-53,43,11,21.027778,5.842
"US_NJ_34005","6/3/20",-41,-2,-48,20,5,22.277778,2.3424444
"US_NJ_34007","6/3/20",-35,-6,-45,42,7,22.455556,0.81844444
"US_NJ_34009","6/3/20",17,40,-26,1,0,24.368056,0.1905
"US_NJ_34011","6/3/20",-17,0,-29,86,1,24.020833,0.1905
"US_NJ_34013","6/3/20",-41,-10,-46,59,15,21.016667,7.0555556
"US_NJ_34015","6/3/20",-34,-3,-43,16,1,22.805556,0.6096
"US_NJ_34017","6/3/20",-38,-6,-56,5,4,21.027778,6.5278
"US_NJ_34019","6/3/20",-40,-7,-51,7,1,21.233333,5.0517778
"US_NJ_34021","6/3/20",-47,-9,-49,29,8,21.772222,8.2973333
"US_NJ_34023","6/3/20",-45,-12,-50,45,7,20.888889,10.301111
"US_NJ_34025","6/3/20",-42,-2,-45,43,11,21.272222,8.763
"US_NJ_34027","6/3/20",-49,-13,-53,28,2,20.761111,11.994444
"US_NJ_34029","6/3/20",-34,-3,-39,36,12,21.950617,6.604
"US_NJ_34031","6/3/20",-41,-7,-42,43,9,20.788889,8.6642222
"US_NJ_34033","6/3/20",-28,1,-33,8,2,23.316667,0.0254
"US_NJ_34035","6/3/20",-49,-16,-54,14,4,21.255556,8.4666667
"US_NJ_34037","6/3/20",-28,-5,-42,5,1,19.611111,10.498667
"US_NJ_34039","6/3/20",-33,-9,-44,43,8,21.016667,7.0555556
"US_NJ_34041","6/3/20",-18,-11,-40,9,0,20.283333,9.5391111
"US_NJ_34001","6/4/20",-37,6,-45,2,1,24.567901,6.4911111
"US_NJ_34003","6/4/20",-44,-4,-53,32,8,23.683333,4.0386
"US_NJ_34005","6/4/20",-34,11,-48,25,5,25.472222,6.7056
"US_NJ_34007","6/4/20",-26,4,-46,18,6,25.027778,6.2738
"US_NJ_34009","6/4/20",29,49,-24,1,0,24.298611,3.302
"US_NJ_34011","6/4/20",-18,2,-30,38,0,24.0625,3.8735
"US_NJ_34013","6/4/20",-40,-6,-45,101,7,23.933333,2.6162
"US_NJ_34015","6/4/20",-29,4,-44,12,1,24.916667,4.699
"US_NJ_34017","6/4/20",-33,1,-56,5,7,23.844444,2.921
"US_NJ_34019","6/4/20",-37,5,-51,3,0,23.85,4.318
"US_NJ_34021","6/4/20",-44,-4,-49,39,7,25.344444,3.683
"US_NJ_34023","6/4/20",-42,-7,-50,6,11,23.894444,1.9304
"US_NJ_34025","6/4/20",-37,5,-46,47,8,24.161111,2.032
"US_NJ_34027","6/4/20",-45,-8,-52,8,3,23.661111,3.3782
"US_NJ_34029","6/4/20",-28,8,-38,47,8,25,6.5757778
"US_NJ_34031","6/4/20",-38,-2,-42,34,14,23.5,3.8354
"US_NJ_34033","6/4/20",-28,4,-32,6,2,24.161111,4.3688
"US_NJ_34035","6/4/20",-46,-11,-53,7,0,24.211111,3.3782
"US_NJ_34037","6/4/20",-21,-4,-42,3,0,22.277778,5.1054
"US_NJ_34039","6/4/20",-32,-5,-44,42,2,23.933333,2.6162
"US_NJ_34041","6/4/20",-17,-5,-40,4,0,22.916667,4.3942
"US_NJ_34001","6/5/20",-42,3,-46,23,3,23.530864,11.542889
"US_NJ_34003","6/5/20",-46,-6,-51,55,8,22.805556,4.7131111
"US_NJ_34005","6/5/20",-45,-1,-47,21,4,24.188889,11.938
"US_NJ_34007","6/5/20",-36,-5,-43,69,5,23.983333,12.2174
"US_NJ_34009","6/5/20",43,65,-24,7,0,24.104167,7.4295
"US_NJ_34011","6/5/20",-25,-2,-30,62,7,24.034722,10.57275
"US_NJ_34013","6/5/20",-45,-11,-44,107,8,23.122222,3.0197778
"US_NJ_34015","6/5/20",-38,-2,-42,20,1,23.988889,10.1346
"US_NJ_34017","6/5/20",-39,-6,-54,53,6,23.133333,3.5052
"US_NJ_34019","6/5/20",-40,-2,-49,6,1,23.011111,6.0113333
"US_NJ_34021","6/5/20",-49,-11,-47,48,7,23.838889,9.2456
"US_NJ_34023","6/5/20",-46,-11,-48,65,10,22.894444,4.0075556
"US_NJ_34025","6/5/20",-46,-5,-45,49,3,23.305556,3.6322
"US_NJ_34027","6/5/20",-46,-6,-50,24,3,23.133333,4.0357778
"US_NJ_34029","6/5/20",-33,1,-38,54,2,23.604938,11.288889
"US_NJ_34031","6/5/20",-43,-5,-41,76,3,22.994444,4.9388889
"US_NJ_34033","6/5/20",-35,0,-33,6,3,23.7,7.4168
"US_NJ_34035","6/5/20",-48,-12,-51,25,1,23.261111,3.6406667
"US_NJ_34037","6/5/20",-27,-2,-42,-1,0,22.188889,4.4026667
"US_NJ_34039","6/5/20",-37,-8,-43,85,4,23.122222,3.0197778
"US_NJ_34041","6/5/20",-22,-9,-40,3,0,22.4,4.9388889
"US_NJ_34001","6/6/20",-44,9,-37,21,0,24.388889,5.08
"US_NJ_34003","6/6/20",-49,-6,-25,29,1,24.416667,6.1806667
"US_NJ_34005","6/6/20",-42,7,-10,23,3,25.067901,8.5513333
"US_NJ_34007","6/6/20",-37,1,-16,53,7,25.105556,7.6708
"US_NJ_34009","6/6/20",109,119,1,6,0,24.520833,0.34925
"US_NJ_34011","6/6/20",-22,-1,-10,26,4,24.791667,0.4445
"US_NJ_34013","6/6/20",-42,-6,-19,47,-1,24.738889,6.1524444
"US_NJ_34015","6/6/20",-40,-2,-11,9,1,25.144444,7.3406
"US_NJ_34017","6/6/20",-33,-7,-24,30,5,24.827778,5.8166
"US_NJ_34019","6/6/20",-35,6,-10,7,1,24.816667,3.9511111
"US_NJ_34021","6/6/20",-45,-5,-11,28,1,25.055556,12.954
"US_NJ_34023","6/6/20",-45,-9,-18,66,7,24.35,8.6924444
"US_NJ_34025","6/6/20",-38,7,-14,26,6,24.320988,7.0555556
"US_NJ_34027","6/6/20",-46,-4,-12,12,1,24.983333,5.6726667
"US_NJ_34029","6/6/20",-24,15,-11,25,2,24.25,11.08075
"US_NJ_34031","6/6/20",-44,-2,-21,49,12,24.816667,5.6162222
"US_NJ_34033","6/6/20",-22,-19,-5,5,3,24.75,2.0828
"US_NJ_34035","6/6/20",-47,-9,-13,13,1,24.972222,4.1768889
"US_NJ_34037","6/6/20",-13,6,-8,6,0,23.977778,4.4591111
"US_NJ_34039","6/6/20",-35,-5,-19,78,3,24.738889,6.1524444
"US_NJ_34041","6/6/20",-22,-4,-12,1,0,24.494444,0.90311111
"US_NJ_34001","6/7/20",-43,13,-37,34,0,22.685185,0.09525
"US_NJ_34003","6/7/20",-47,-12,-21,20,6,21.616667,0.9398
"US_NJ_34005","6/7/20",-44,4,-9,16,13,22.580247,0.09525
"US_NJ_34007","6/7/20",-32,-3,-15,14,5,22.75,0.11288889
"US_NJ_34009","6/7/20",115,120,7,3,1,23.041667,0.0635
"US_NJ_34011","6/7/20",-19,2,-12,7,0,22.861111,0.0635
"US_NJ_34013","6/7/20",-44,-11,-18,11,6,22.05,0.6604
"US_NJ_34015","6/7/20",-36,-2,-12,9,1,22.866667,0.1016
"US_NJ_34017","6/7/20",-34,-9,-23,17,8,22.288889,0.9144
"US_NJ_34019","6/7/20",-32,8,-9,1,1,21.188889,0.0762
"US_NJ_34021","6/7/20",-44,-9,-16,18,1,22.074074,0.127
"US_NJ_34023","6/7/20",-45,-13,-15,-5,8,21.588889,0.0508
"US_NJ_34025","6/7/20",-32,3,-13,24,5,22.203704,0.16933333
"US_NJ_34027","6/7/20",-43,-14,-12,8,0,21.227778,0.4064
"US_NJ_34029","6/7/20",-22,10,-14,43,7,22.3125,0.036285714
"US_NJ_34031","6/7/20",-44,-10,-19,13,3,21.483333,0.9144
"US_NJ_34033","6/7/20",-24,9,-12,5,1,22.772222,0.0508
"US_NJ_34035","6/7/20",-46,-14,-15,-2,1,21.772222,0.0762
"US_NJ_34037","6/7/20",-7,3,-7,4,0,19.572222,0.8636
"US_NJ_34039","6/7/20",-36,-9,-18,70,3,22.05,0.6604
"US_NJ_34041","6/7/20",-13,-2,-8,-1,0,20.261111,0.0508
"US_NJ_34001","6/8/20",-36,6,-42,19,0,19.765432,0
"US_NJ_34003","6/8/20",-40,-9,-50,26,3,20.144444,0.0254
"US_NJ_34005","6/8/20",-40,-1,-45,13,0,20.527778,0
"US_NJ_34007","6/8/20",-28,-3,-41,28,5,20.438889,0
"US_NJ_34009","6/8/20",55,66,-20,1,0,20.194444,0
"US_NJ_34011","6/8/20",-17,0,-27,11,0,20.527778,0
"US_NJ_34013","6/8/20",-39,-9,-42,40,3,20.366667,0.0254
"US_NJ_34015","6/8/20",-28,-1,-40,4,-1,20.711111,0
"US_NJ_34017","6/8/20",-29,-4,-53,19,8,20.888889,0.0254
"US_NJ_34019","6/8/20",-35,-3,-50,2,0,19.183333,0
"US_NJ_34021","6/8/20",-43,-13,-46,18,3,20.438889,0
"US_NJ_34023","6/8/20",-39,-10,-48,29,3,19.727778,0
"US_NJ_34025","6/8/20",-33,2,-43,20,-1,20.683333,0.0254
"US_NJ_34027","6/8/20",-40,-9,-51,10,-1,19.455556,0
"US_NJ_34029","6/8/20",-26,4,-35,19,7,19.796296,0
"US_NJ_34031","6/8/20",-37,-9,-39,12,3,19.888889,0.0254
"US_NJ_34033","6/8/20",-27,2,-28,7,0,20.638889,0
"US_NJ_34035","6/8/20",-43,-12,-51,8,1,19.922222,0
"US_NJ_34037","6/8/20",-17,-1,-40,1,0,18.016667,0
"US_NJ_34039","6/8/20",-27,-9,-41,55,2,20.366667,0.0254
"US_NJ_34041","6/8/20",-15,-8,-37,3,3,18.383333,0
"US_NJ_34001","6/9/20",-30,10,-42,18,0,21.617284,0
"US_NJ_34003","6/9/20",-39,-4,-50,35,7,23.211111,0
"US_NJ_34005","6/9/20",-39,5,-46,10,7,23.272222,0
"US_NJ_34007","6/9/20",-28,0,-42,22,7,22.577778,0
"US_NJ_34009","6/9/20",62,62,-19,7,3,21.673611,0
"US_NJ_34011","6/9/20",-15,-1,-27,8,5,22.118056,0
"US_NJ_34013","6/9/20",-37,-6,-43,34,12,23.272222,0
"US_NJ_34015","6/9/20",-27,0,-41,8,1,22.561111,0
"US_NJ_34017","6/9/20",-28,-2,-54,23,9,23.877778,0
"US_NJ_34019","6/9/20",-33,2,-50,2,0,22.133333,0
"US_NJ_34021","6/9/20",-42,-7,-47,20,5,23.177778,0
"US_NJ_34023","6/9/20",-38,-5,-49,24,10,22.55,0
"US_NJ_34025","6/9/20",-29,10,-43,14,10,23.566667,0
"US_NJ_34027","6/9/20",-40,-5,-51,3,1,22.344444,0
"US_NJ_34029","6/9/20",-21,9,-36,18,6,22.234568,0
"US_NJ_34031","6/9/20",-36,-5,-39,31,2,23.038889,0
"US_NJ_34033","6/9/20",-26,-3,-30,4,1,22.594444,0
"US_NJ_34035","6/9/20",-44,-8,-52,9,3,22.727778,0
"US_NJ_34037","6/9/20",-17,-3,-41,-1,0,21.177778,0
"US_NJ_34039","6/9/20",-27,-5,-42,61,0,23.272222,0
"US_NJ_34041","6/9/20",-14,-3,-39,1,0,21.438889,0
"US_NJ_34001","6/10/20",-31,7,-42,21,1,25.339506,0
"US_NJ_34003","6/10/20",-40,-4,-51,94,7,24.727778,0
"US_NJ_34005","6/10/20",-40,0,-46,18,10,26.788889,0
"US_NJ_34007","6/10/20",-29,-4,-43,54,13,26.505556,0
"US_NJ_34009","6/10/20",54,58,-21,8,0,24.861111,0
"US_NJ_34011","6/10/20",-16,-4,-28,21,5,25.097222,0
"US_NJ_34013","6/10/20",-37,-8,-44,55,1,25.172222,0
"US_NJ_34015","6/10/20",-30,-1,-41,17,0,26.405556,0
"US_NJ_34017","6/10/20",-29,-4,-54,40,7,25.338889,0
"US_NJ_34019","6/10/20",-38,3,-50,1,0,25.722222,0
"US_NJ_34021","6/10/20",-43,-7,-47,41,1,26.75,0
"US_NJ_34023","6/10/20",-39,-6,-48,37,11,24.638889,0
"US_NJ_34025","6/10/20",-30,7,-43,51,2,25.061111,0
"US_NJ_34027","6/10/20",-40,-7,-51,-9,1,25.238889,0
"US_NJ_34029","6/10/20",-23,6,-37,41,5,25.623457,0
"US_NJ_34031","6/10/20",-35,-7,-40,32,5,25,0
"US_NJ_34033","6/10/20",-28,1,-31,1,1,25.272222,0
"US_NJ_34035","6/10/20",-43,-9,-52,19,1,25.477778,0
"US_NJ_34037","6/10/20",-19,-2,-41,4,0,24.205556,0
"US_NJ_34039","6/10/20",-26,-6,-43,15,3,25.172222,0
"US_NJ_34041","6/10/20",-16,-8,-40,4,0,25.077778,0
"US_NJ_34001","6/11/20",-39,0,-45,9,3,23.203704,5.1364444
"US_NJ_34003","6/11/20",-43,-7,-52,52,11,23.538889,0.14111111
"US_NJ_34005","6/11/20",-45,-5,-46,6,5,24.483333,3.2004
"US_NJ_34007","6/11/20",-35,-9,-43,35,6,24.7,1.9812
"US_NJ_34009","6/11/20",29,55,-23,1,1,23.680556,3.84175
"US_NJ_34011","6/11/20",-22,-8,-30,23,2,24.319444,3.84175
"US_NJ_34013","6/11/20",-40,-10,-45,28,0,24.372222,0.36688889
"US_NJ_34015","6/11/20",-33,-5,-43,10,2,25.022222,0.5842
"US_NJ_34017","6/11/20",-32,-4,-55,28,0,24.194444,0.3302
"US_NJ_34019","6/11/20",-37,0,-49,4,1,25.383333,1.1288889
"US_NJ_34021","6/11/20",-44,-9,-48,30,0,24.788889,3.3528
"US_NJ_34023","6/11/20",-42,-10,-49,39,5,24.216667,2.3706667
"US_NJ_34025","6/11/20",-42,-3,-45,64,9,23.872222,3.6322
"US_NJ_34027","6/11/20",-43,-8,-51,5,4,25.25,0.62088889
"US_NJ_34029","6/11/20",-31,0,-38,66,11,23.259259,5.2775556
"US_NJ_34031","6/11/20",-37,-6,-41,31,2,24.516667,0.36688889
"US_NJ_34033","6/11/20",-28,-2,-31,2,0,24.966667,0
"US_NJ_34035","6/11/20",-45,-11,-53,23,1,24.95,0.47977778
"US_NJ_34037","6/11/20",-25,-3,-42,5,0,24.661111,9.3415556
"US_NJ_34039","6/11/20",-31,-7,-44,20,1,24.372222,0.36688889
"US_NJ_34041","6/11/20",-18,-8,-39,1,2,25.244444,3.8382222
"US_NJ_34001","6/12/20",-36,12,-44,22,1,24.111111,6.1806667
"US_NJ_34003","6/12/20",-41,1,-48,24,3,24.105556,1.6256
"US_NJ_34005","6/12/20",-41,4,-44,16,1,24.566667,5.7912
"US_NJ_34007","6/12/20",-32,-2,-40,14,-1,24.622222,8.1788
"US_NJ_34009","6/12/20",76,88,-18,1,2,23.819444,10.668
"US_NJ_34011","6/12/20",-20,-5,-28,18,2,24.354167,8.3185
"US_NJ_34013","6/12/20",-40,-6,-41,61,5,24.427778,1.2192
"US_NJ_34015","6/12/20",-33,0,-41,12,1,24.594444,8.763
"US_NJ_34017","6/12/20",-31,1,-50,18,4,24.772222,1.3462
"US_NJ_34019","6/12/20",-34,4,-48,2,1,23.583333,2.8448
"US_NJ_34021","6/12/20",-43,-6,-44,20,5,24.461111,4.4704
"US_NJ_34023","6/12/20",-40,-4,-46,26,1,23.927778,0.8128
"US_NJ_34025","6/12/20",-33,11,-42,33,1,24.322222,2.0574
"US_NJ_34027","6/12/20",-42,0,-47,-45,1,23.805556,3.683
"US_NJ_34029","6/12/20",-22,12,-35,34,4,24,6.1806667
"US_NJ_34031","6/12/20",-37,-3,-39,26,4,24,3.6576
"US_NJ_34033","6/12/20",-25,10,-30,10,1,24.455556,6.8072
"US_NJ_34035","6/12/20",-45,-5,-49,15,1,24.272222,1.4732
"US_NJ_34037","6/12/20",-23,3,-40,1,0,22.238889,3.9116
"US_NJ_34039","6/12/20",-30,-2,-40,14,8,24.427778,1.2192
"US_NJ_34041","6/12/20",-20,0,-38,2,1,22.755556,3.7592
"US_NJ_34001","6/13/20",-36,19,-32,22,7,20.444444,0
"US_NJ_34003","6/13/20",-47,-4,-20,62,15,20.211111,0
"US_NJ_34005","6/13/20",-42,7,-7,18,6,20.771605,0
"US_NJ_34007","6/13/20",-35,1,-11,34,6,21.022222,0.0254
"US_NJ_34009","6/13/20",162,150,8,5,1,20.854167,0
"US_NJ_34011","6/13/20",-18,-1,-8,16,3,21.159722,0
"US_NJ_34013","6/13/20",-40,-4,-15,41,13,20.505556,0
"US_NJ_34015","6/13/20",-38,0,-7,23,0,21.138889,0.0254
"US_NJ_34017","6/13/20",-30,-4,-20,24,7,20.866667,0
"US_NJ_34019","6/13/20",-31,12,-7,4,0,19.561111,0
"US_NJ_34021","6/13/20",-41,-3,-7,28,2,20.598765,0
"US_NJ_34023","6/13/20",-43,-6,-13,32,4,20.211111,0
"US_NJ_34025","6/13/20",-32,11,-9,60,5,20.697531,0
"US_NJ_34027","6/13/20",-43,0,-8,12,3,19.733333,0
"US_NJ_34029","6/13/20",-17,22,-7,22,6,20.152778,0
"US_NJ_34031","6/13/20",-40,-2,-16,31,9,19.927778,0
"US_NJ_34033","6/13/20",-19,-15,-2,6,1,21.188889,0
"US_NJ_34035","6/13/20",-45,-5,-8,20,3,20.3,0
"US_NJ_34037","6/13/20",-14,10,-5,3,0,17.722222,0
"US_NJ_34039","6/13/20",-33,-3,-14,-14,9,20.505556,0
"US_NJ_34041","6/13/20",-19,2,-7,2,0,18.427778,0
"US_NJ_34001","6/14/20",-38,17,-34,15,1,17.284722,0
"US_NJ_34003","6/14/20",-45,-12,-16,13,-2,17.344444,0
"US_NJ_34005","6/14/20",-43,6,-4,10,7,18.055556,0
"US_NJ_34007","6/14/20",-30,-3,-11,32,2,18.333333,0
"US_NJ_34009","6/14/20",148,137,14,2,1,17.548611,0
"US_NJ_34011","6/14/20",-12,1,-8,5,0,18.159722,0
"US_NJ_34013","6/14/20",-41,-11,-15,28,4,17.561111,0
"US_NJ_34015","6/14/20",-35,-4,-7,12,1,18.759259,0
"US_NJ_34017","6/14/20",-31,-11,-19,29,1,17.733333,0
"US_NJ_34019","6/14/20",-29,10,-3,1,0,17.333333,0
"US_NJ_34021","6/14/20",-41,-8,-12,28,1,18.034722,0
"US_NJ_34023","6/14/20",-45,-12,-12,45,2,17.255556,0
"US_NJ_34025","6/14/20",-29,4,-8,20,5,17.444444,0
"US_NJ_34027","6/14/20",-40,-12,-6,13,1,17.138889,0
"US_NJ_34029","6/14/20",-18,11,-9,22,4,17.103175,0
"US_NJ_34031","6/14/20",-42,-11,-15,15,2,17.255556,0
"US_NJ_34033","6/14/20",-24,11,-12,1,0,18.683333,0
"US_NJ_34035","6/14/20",-44,-13,-10,3,1,17.538889,0
"US_NJ_34037","6/14/20",-5,4,0,1,0,15.6,0
"US_NJ_34039","6/14/20",-34,-8,-14,-15,5,17.561111,0
"US_NJ_34041","6/14/20",-12,0,-5,0,0,16.35,0
"US_NJ_34001","6/15/20",-25,11,-39,7,0,17.950617,0
"US_NJ_34003","6/15/20",-35,-7,-49,30,2,18.488889,0
"US_NJ_34005","6/15/20",-32,1,-43,18,1,19.005556,0
"US_NJ_34007","6/15/20",-21,-3,-41,7,9,18.983333,0
"US_NJ_34009","6/15/20",97,75,-15,1,2,17.756944,0
"US_NJ_34011","6/15/20",-7,0,-26,31,1,18.5625,0
"US_NJ_34013","6/15/20",-33,-8,-42,11,6,18.538889,0
"US_NJ_34015","6/15/20",-16,2,-39,2,6,19.472222,0
"US_NJ_34017","6/15/20",-26,-6,-52,19,2,18.938889,0
"US_NJ_34019","6/15/20",-28,1,-47,2,0,18.077778,0
"US_NJ_34021","6/15/20",-34,-9,-46,20,-1,19.027778,0
"US_NJ_34023","6/15/20",-33,-8,-47,28,7,17.838889,0
"US_NJ_34025","6/15/20",-25,1,-41,21,6,18.322222,0
"US_NJ_34027","6/15/20",-34,-8,-50,7,3,18.005556,0
"US_NJ_34029","6/15/20",-16,6,-34,14,3,18.111111,0
"US_NJ_34031","6/15/20",-28,-8,-37,22,2,18.288889,0
"US_NJ_34033","6/15/20",-18,3,-29,2,0,19.061111,0
"US_NJ_34035","6/15/20",-36,-11,-50,5,0,18.3,0
"US_NJ_34037","6/15/20",-10,-1,-39,1,0,16.711111,0
"US_NJ_34039","6/15/20",-21,-7,-41,-14,2,18.538889,0
"US_NJ_34041","6/15/20",-8,-6,-37,0,0,17.316667,0
"US_NJ_34001","6/16/20",-23,12,-39,42,0,17.888889,0
"US_NJ_34003","6/16/20",-33,-2,-49,53,9,19.372222,0
"US_NJ_34005","6/16/20",-31,6,-45,35,0,19.061111,0
"US_NJ_34007","6/16/20",-21,0,-41,15,1,18.95,0
"US_NJ_34009","6/16/20",93,65,-17,9,0,17.944444,0
"US_NJ_34011","6/16/20",-8,0,-27,31,6,18.722222,0
"US_NJ_34013","6/16/20",-31,-5,-42,13,0,19.216667,0
"US_NJ_34015","6/16/20",-18,2,-40,7,1,19.372222,0
"US_NJ_34017","6/16/20",-24,0,-53,-21,-1,19.594444,0
"US_NJ_34019","6/16/20",-27,7,-48,1,0,18.794444,0.0254
"US_NJ_34021","6/16/20",-34,-4,-46,10,5,19.15,0
"US_NJ_34023","6/16/20",-33,-4,-48,16,2,18.444444,0
"US_NJ_34025","6/16/20",-25,6,-42,25,9,18.994444,0
"US_NJ_34027","6/16/20",-33,-3,-50,11,1,18.744444,0.0254
"US_NJ_34029","6/16/20",-15,9,-35,21,6,18.191358,0
"US_NJ_34031","6/16/20",-28,-1,-39,15,5,19.222222,0.0254
"US_NJ_34033","6/16/20",-17,0,-29,3,1,19.266667,0
"US_NJ_34035","6/16/20",-36,-7,-52,3,1,18.855556,0
"US_NJ_34037","6/16/20",-9,1,-40,6,1,17.872222,0.0254
"US_NJ_34039","6/16/20",-22,-2,-41,12,2,19.216667,0
"US_NJ_34041","6/16/20",-9,-2,-38,3,2,18.316667,0.0254
"US_NJ_34001","6/17/20",-28,6,-41,14,4,17.87037,0.28575
"US_NJ_34003","6/17/20",-34,-3,-49,27,8,19.994444,0
"US_NJ_34005","6/17/20",-34,2,-44,6,0,18.855556,0
"US_NJ_34007","6/17/20",-25,-4,-41,7,0,19.044444,0
"US_NJ_34009","6/17/20",65,60,-19,1,0,17.770833,0.508
"US_NJ_34011","6/17/20",-14,-6,-28,17,4,18.701389,0.4445
"US_NJ_34013","6/17/20",-33,-8,-43,33,4,20.033333,0
"US_NJ_34015","6/17/20",-19,3,-41,5,2,19.338889,0
"US_NJ_34017","6/17/20",-25,-3,-53,11,2,20.322222,0
"US_NJ_34019","6/17/20",-29,5,-48,7,1,19.25,0
"US_NJ_34021","6/17/20",-36,-4,-46,12,1,18.988889,0
"US_NJ_34023","6/17/20",-34,-4,-48,39,9,19.122222,0
"US_NJ_34025","6/17/20",-26,6,-43,18,1,19.272222,0
"US_NJ_34027","6/17/20",-34,-6,-50,28,0,19.605556,0
"US_NJ_34029","6/17/20",-18,6,-36,27,2,17.987654,0
"US_NJ_34031","6/17/20",-28,-5,-39,19,1,19.977778,0
"US_NJ_34033","6/17/20",-20,3,-31,12,2,19.266667,0
"US_NJ_34035","6/17/20",-37,-8,-51,13,0,19.527778,0
"US_NJ_34037","6/17/20",-13,-1,-39,6,0,18.755556,0
"US_NJ_34039","6/17/20",-22,-5,-42,-5,1,20.033333,0
"US_NJ_34041","6/17/20",-8,-3,-38,1,0,18.988889,0
"US_NJ_34001","6/18/20",-26,9,-41,30,3,19.691358,1.3264444
"US_NJ_34003","6/18/20",-33,1,-50,21,3,20.844444,0
"US_NJ_34005","6/18/20",-32,0,-45,19,3,20.1,0.9398
"US_NJ_34007","6/18/20",-25,-3,-42,14,0,20.622222,1.7272
"US_NJ_34009","6/18/20",80,64,-19,-2,1,19.909722,1.143
"US_NJ_34011","6/18/20",-12,-1,-29,10,0,20.520833,0.79375
"US_NJ_34013","6/18/20",-33,-4,-43,78,3,20.694444,0
"US_NJ_34015","6/18/20",-22,2,-41,10,1,21,1.3208
"US_NJ_34017","6/18/20",-23,0,-53,-2,-1,20.666667,0
"US_NJ_34019","6/18/20",-31,7,-49,0,0,20.861111,0.0762
"US_NJ_34021","6/18/20",-37,-5,-46,23,1,20.183333,0.6604
"US_NJ_34023","6/18/20",-34,-6,-48,34,0,19.661111,0.11288889
"US_NJ_34025","6/18/20",-29,7,-43,26,4,19.422222,0.28222222
"US_NJ_34027","6/18/20",-34,-3,-50,25,-2,21,0
"US_NJ_34029","6/18/20",-19,8,-37,45,7,19.240741,0.84666667
"US_NJ_34031","6/18/20",-26,0,-40,23,2,21.255556,0
"US_NJ_34033","6/18/20",-23,3,-30,13,4,20.9,0.254
"US_NJ_34035","6/18/20",-38,-6,-51,6,1,20.522222,0.056444444
"US_NJ_34037","6/18/20",-12,4,-40,3,1,20.761111,0
"US_NJ_34039","6/18/20",-26,-4,-42,-11,1,20.694444,0
"US_NJ_34041","6/18/20",-13,-5,-38,-1,-1,20.95,0
"US_NJ_34001","6/19/20",-30,11,-42,36,1,21.969136,0.81844444
"US_NJ_34003","6/19/20",-34,2,-48,18,7,22.361111,0.0254
"US_NJ_34005","6/19/20",-34,2,-44,27,3,23.233333,2.2352
"US_NJ_34007","6/19/20",-27,-2,-40,27,-2,22.988889,0.6096
"US_NJ_34009","6/19/20",113,86,-18,1,0,21.506944,0.15875
"US_NJ_34011","6/19/20",-18,-4,-29,12,1,22.118056,0.4445
"US_NJ_34013","6/19/20",-36,-6,-42,34,0,21.944444,0.0508
"US_NJ_34015","6/19/20",-26,3,-40,13,2,23.022222,0.7112
"US_NJ_34017","6/19/20",-25,2,-50,8,5,22.016667,0.0508
"US_NJ_34019","6/19/20",-29,8,-48,1,0,22.761111,1.3462
"US_NJ_34021","6/19/20",-38,-2,-44,47,1,23.116667,2.0574
"US_NJ_34023","6/19/20",-36,-2,-46,16,3,21.316667,1.3462
"US_NJ_34025","6/19/20",-26,12,-41,46,2,21.45,0.8128
"US_NJ_34027","6/19/20",-34,2,-48,27,1,22.5,0.1778
"US_NJ_34029","6/19/20",-15,14,-34,31,7,22.098765,1.6368889
"US_NJ_34031","6/19/20",-29,-1,-38,19,4,22.466667,0.0254
"US_NJ_34033","6/19/20",-23,6,-29,9,0,22.611111,0.4572
"US_NJ_34035","6/19/20",-40,-3,-49,10,-1,22.305556,1.016
"US_NJ_34037","6/19/20",-16,7,-40,6,0,22.255556,0.5334
"US_NJ_34039","6/19/20",-28,-3,-40,-13,-1,21.944444,0.0508
"US_NJ_34041","6/19/20",-17,-1,-38,4,2,22.355556,0.6604
"US_NJ_34001","6/20/20",-29,22,-31,19,1,22.716049,1.4111111
"US_NJ_34003","6/20/20",-40,2,-19,29,2,23.905556,0.084666667
"US_NJ_34005","6/20/20",-35,4,-7,13,0,23.12963,1.4957778
"US_NJ_34007","6/20/20",-32,2,-12,29,1,23.25,1.1684
"US_NJ_34009","6/20/20",185,150,13,24,0,22.729167,1.778
"US_NJ_34011","6/20/20",-13,5,-8,25,4,22.819444,1.80975
"US_NJ_34013","6/20/20",-36,-1,-16,-18,1,23.777778,0.11288889
"US_NJ_34015","6/20/20",-31,2,-7,6,2,23.144444,0.2794
"US_NJ_34017","6/20/20",-25,-3,-18,14,0,24.033333,0.1016
"US_NJ_34019","6/20/20",-27,17,-5,3,0,22.761111,0.28222222
"US_NJ_34021","6/20/20",-37,-1,-8,26,-1,23.04321,1.27
"US_NJ_34023","6/20/20",-38,-2,-12,29,3,22.944444,0.028222222
"US_NJ_34025","6/20/20",-24,16,-9,49,0,23.12963,0.254
"US_NJ_34027","6/20/20",-36,4,-8,10,0,23.627778,0.11288889
"US_NJ_34029","6/20/20",-12,27,-6,31,3,22.5625,1.5875
"US_NJ_34031","6/20/20",-32,4,-16,10,0,23.95,0.084666667
"US_NJ_34033","6/20/20",-9,23,-2,3,0,22.75,0.7874
"US_NJ_34035","6/20/20",-41,0,-7,10,0,23.344444,0.11288889
"US_NJ_34037","6/20/20",-11,19,-3,0,1,22.855556,0.084666667
"US_NJ_34039","6/20/20",-31,1,-14,7,4,23.777778,0.11288889
"US_NJ_34041","6/20/20",-16,7,-9,2,1,22.577778,0.28222222
"US_NJ_34001","6/21/20",-31,20,-30,64,-1,22.876543,1.524
"US_NJ_34003","6/21/20",-42,-8,-11,14,3,24.233333,0
"US_NJ_34005","6/21/20",-35,3,-3,29,1,23.179012,3.4148889
"US_NJ_34007","6/21/20",-27,0,-9,18,0,23.438889,4.572
"US_NJ_34009","6/21/20",174,152,25,-17,0,22.756944,0.09525
"US_NJ_34011","6/21/20",-12,3,-7,55,1,23.388889,0
"US_NJ_34013","6/21/20",-38,-8,-15,36,1,23.972222,0
"US_NJ_34015","6/21/20",-29,0,-5,10,0,23.533333,4.572
"US_NJ_34017","6/21/20",-29,-13,-16,-31,1,24.377778,0
"US_NJ_34019","6/21/20",-29,10,-1,1,0,22.85,2.6416
"US_NJ_34021","6/21/20",-37,-6,-9,52,0,23.098765,2.4553333
"US_NJ_34023","6/21/20",-40,-10,-9,13,1,23.094444,0.8128
"US_NJ_34025","6/21/20",-23,9,-3,17,1,23.438272,0.254
"US_NJ_34027","6/21/20",-38,-11,-2,10,2,23.572222,2.3622
"US_NJ_34029","6/21/20",-13,16,-6,12,2,22.618056,1.7145
"US_NJ_34031","6/21/20",-37,-7,-13,34,1,24.105556,1.6002
"US_NJ_34033","6/21/20",-23,14,-4,2,0,23.288889,1.397
"US_NJ_34035","6/21/20",-42,-9,-7,7,0,23.361111,0.8128
"US_NJ_34037","6/21/20",-11,6,-1,0,0,22.794444,2.3622
"US_NJ_34039","6/21/20",-34,-6,-12,24,0,23.972222,0
"US_NJ_34041","6/21/20",-14,1,-6,5,0,22.705556,2.3622
"US_NJ_34001","6/22/20",-21,13,-40,20,0,24.524691,0.19755556
"US_NJ_34003","6/22/20",-30,-8,-50,27,5,26.183333,0
"US_NJ_34005","6/22/20",-29,-3,-45,23,1,25.766667,0.3556
"US_NJ_34007","6/22/20",-23,-5,-42,18,1,25.316667,0.4318
"US_NJ_34009","6/22/20",127,96,-18,4,0,23.701389,0.09525
"US_NJ_34011","6/22/20",-12,-5,-30,29,0,24.125,0
"US_NJ_34013","6/22/20",-30,-10,-43,27,1,26.144444,0
"US_NJ_34015","6/22/20",-19,1,-42,4,0,25.161111,0.4318
"US_NJ_34017","6/22/20",-22,-7,-53,11,4,26.361111,0
"US_NJ_34019","6/22/20",-25,7,-50,6,0,25.55,0
"US_NJ_34021","6/22/20",-34,-9,-47,8,0,25.916667,0.3556
"US_NJ_34023","6/22/20",-29,-9,-48,13,0,25.4,0
"US_NJ_34025","6/22/20",-19,5,-43,23,1,25.716667,0.1778
"US_NJ_34027","6/22/20",-27,-7,-51,19,2,25.994444,0
"US_NJ_34029","6/22/20",-10,8,-35,15,3,24.91358,0.39511111
"US_NJ_34031","6/22/20",-26,-11,-39,3,1,26.183333,0
"US_NJ_34033","6/22/20",-26,-2,-32,2,1,24.561111,0
"US_NJ_34035","6/22/20",-34,-9,-51,6,2,25.905556,0
"US_NJ_34037","6/22/20",-10,0,-40,2,0,25.005556,0
"US_NJ_34039","6/22/20",-21,-9,-43,18,3,26.144444,0
"US_NJ_34041","6/22/20",-6,-5,-40,2,0,25.238889,0
"US_NJ_34001","6/23/20",-18,15,-40,28,2,25.117284,0.31044444
"US_NJ_34003","6/23/20",-28,0,-49,32,5,25.911111,0
"US_NJ_34005","6/23/20",-27,3,-45,10,0,26.261111,0
"US_NJ_34007","6/23/20",-20,-1,-42,10,4,26.138889,0.1778
"US_NJ_34009","6/23/20",139,100,-14,2,1,24.722222,0.34925
"US_NJ_34011","6/23/20",-11,-4,-29,18,2,24.791667,2.44475
"US_NJ_34013","6/23/20",-29,-5,-43,14,4,26.011111,0
"US_NJ_34015","6/23/20",-19,1,-42,18,1,25.833333,1.8542
"US_NJ_34017","6/23/20",-20,-1,-53,18,2,26.2,0
"US_NJ_34019","6/23/20",-25,10,-50,2,0,25.861111,0
"US_NJ_34021","6/23/20",-34,-6,-47,11,6,26.277778,0
"US_NJ_34023","6/23/20",-30,-4,-49,22,3,25.4,0
"US_NJ_34025","6/23/20",-18,12,-43,33,4,25.455556,0
"US_NJ_34027","6/23/20",-27,-2,-50,9,-1,26.144444,0
"US_NJ_34029","6/23/20",-8,12,-36,26,10,25.197531,0
"US_NJ_34031","6/23/20",-23,-2,-39,22,4,26.166667,0
"US_NJ_34033","6/23/20",-21,15,-30,0,2,25.072222,1.8034
"US_NJ_34035","6/23/20",-33,-5,-51,-1,1,26.022222,0
"US_NJ_34037","6/23/20",-6,3,-40,0,1,25.216667,0
"US_NJ_34039","6/23/20",-20,-4,-42,1,1,26.011111,0
"US_NJ_34041","6/23/20",-9,-5,-40,3,2,25.311111,0
"US_NJ_34001","6/24/20",-17,14,-38,21,2,26.438272,0
"US_NJ_34003","6/24/20",-28,-1,-47,28,8,25.777778,0.0254
"US_NJ_34005","6/24/20",-27,0,-44,12,1,26.672222,0
"US_NJ_34007","6/24/20",-20,-2,-41,22,4,26.661111,0.3302
"US_NJ_34009","6/24/20",139,94,-15,3,0,26.361111,0
"US_NJ_34011","6/24/20",-10,-4,-26,14,0,26.208333,0.15875
"US_NJ_34013","6/24/20",-28,-6,-42,25,-1,25.977778,0.0254
"US_NJ_34015","6/24/20",-17,2,-39,8,0,26.416667,0.4572
"US_NJ_34017","6/24/20",-20,-3,-52,-2,4,26.133333,0.0254
"US_NJ_34019","6/24/20",-23,12,-47,2,0,25.588889,2.5654
"US_NJ_34021","6/24/20",-32,-3,-45,12,5,26.4,0.0254
"US_NJ_34023","6/24/20",-29,-3,-47,0,3,25.594444,0.0254
"US_NJ_34025","6/24/20",-17,11,-41,10,2,25.9,0
"US_NJ_34027","6/24/20",-27,-4,-49,-3,2,25.783333,2.921
"US_NJ_34029","6/24/20",-8,11,-34,20,6,26.271605,0
"US_NJ_34031","6/24/20",-24,-4,-38,-6,6,25.783333,2.8956
"US_NJ_34033","6/24/20",-21,6,-31,-2,0,26,0.127
"US_NJ_34035","6/24/20",-34,-8,-50,1,3,25.911111,0.0508
"US_NJ_34037","6/24/20",-10,-1,-37,2,0,24.438889,5.3848
"US_NJ_34039","6/24/20",-19,-3,-40,-11,1,25.977778,0.0254
"US_NJ_34041","6/24/20",-6,-4,-37,1,0,24.772222,4.826
"US_NJ_34001","6/25/20",-21,13,-39,30,14,23.740741,0.98777778
"US_NJ_34003","6/25/20",-29,2,-48,333,265,24.872222,0
"US_NJ_34005","6/25/20",-29,5,-44,54,41,24.488889,0.98777778
"US_NJ_34007","6/25/20",-23,-1,-41,74,49,24.638889,0.7366
"US_NJ_34009","6/25/20",141,100,-16,11,4,23.895833,0
"US_NJ_34011","6/25/20",-13,-3,-29,21,12,24.333333,0
"US_NJ_34013","6/25/20",-28,-5,-42,257,247,24.861111,0
"US_NJ_34015","6/25/20",-21,4,-40,28,8,24.533333,0
"US_NJ_34017","6/25/20",-22,2,-52,175,172,25.383333,0
"US_NJ_34019","6/25/20",-27,10,-48,56,55,23.5,0.254
"US_NJ_34021","6/25/20",-34,-3,-46,61,38,24.255556,0.87488889
"US_NJ_34023","6/25/20",-30,-2,-47,227,200,24.088889,0.0508
"US_NJ_34025","6/25/20",-21,10,-42,115,95,24.577778,0.22577778
"US_NJ_34027","6/25/20",-29,-1,-49,107,145,23.938889,0.6604
"US_NJ_34029","6/25/20",-11,12,-35,90,70,23.685185,1.17475
"US_NJ_34031","6/25/20",-23,-1,-38,179,148,24.472222,0.6604
"US_NJ_34033","6/25/20",-21,3,-32,5,4,24.277778,0
"US_NJ_34035","6/25/20",-33,-4,-50,90,80,24.305556,0
"US_NJ_34037","6/25/20",-10,3,-39,40,38,22.177778,2.921
"US_NJ_34039","6/25/20",-20,-3,-41,184,181,24.861111,0
"US_NJ_34041","6/25/20",-9,-6,-38,13,11,22.577778,1.9558
"US_NJ_34001","6/26/20",-25,16,-41,24,2,23.962963,0.056444444
"US_NJ_34003","6/26/20",-33,2,-46,97,2,24.488889,0
"US_NJ_34005","6/26/20",-33,1,-43,8,0,24.05,0.0508
"US_NJ_34007","6/26/20",-27,-3,-40,33,4,24.327778,0
"US_NJ_34009","6/26/20",148,113,-15,2,1,24.319444,0.15875
"US_NJ_34011","6/26/20",-18,-3,-29,8,2,24.465278,0
"US_NJ_34013","6/26/20",-31,-6,-40,29,4,24.283333,0
"US_NJ_34015","6/26/20",-26,0,-39,13,0,24.283333,0
"US_NJ_34017","6/26/20",-27,-2,-49,13,1,24.711111,0
"US_NJ_34019","6/26/20",-27,8,-46,0,0,23.161111,0
"US_NJ_34021","6/26/20",-36,-3,-43,26,4,23.905556,0.0254
"US_NJ_34023","6/26/20",-34,-3,-44,18,3,23.533333,0.0254
"US_NJ_34025","6/26/20",-21,13,-40,27,5,23.861111,0.0762
"US_NJ_34027","6/26/20",-33,0,-46,13,3,23.411111,0
"US_NJ_34029","6/26/20",-11,14,-34,27,4,23.648148,0.084666667
"US_NJ_34031","6/26/20",-28,-3,-37,24,4,24.188889,0
"US_NJ_34033","6/26/20",-23,5,-31,3,1,24.155556,0.0254
"US_NJ_34035","6/26/20",-36,-4,-47,3,0,23.716667,0
"US_NJ_34037","6/26/20",-15,5,-38,2,0,22.116667,0.0762
"US_NJ_34039","6/26/20",-25,-4,-39,22,2,24.283333,0
"US_NJ_34041","6/26/20",-18,-3,-38,1,0,22.4,0
"US_NJ_34001","6/27/20",-25,24,-30,11,3,24.925926,2.0602222
"US_NJ_34003","6/27/20",-41,-7,-19,11,2,23.738889,0.084666667
"US_NJ_34005","6/27/20",-34,3,-7,33,2,24.851852,2.0602222
"US_NJ_34007","6/27/20",-30,0,-12,33,2,25.361111,0.1524
"US_NJ_34009","6/27/20",213,169,17,-1,0,26.076389,0.127
"US_NJ_34011","6/27/20",-16,0,-10,11,1,26.166667,0.381
"US_NJ_34013","6/27/20",-34,-8,-17,30,3,23.816667,0.42333333
"US_NJ_34015","6/27/20",-32,-2,-8,16,0,25.566667,0.3048
"US_NJ_34017","6/27/20",-30,-10,-20,26,3,24.555556,0.381
"US_NJ_34019","6/27/20",-31,10,-5,0,0,22.388889,0.11288889
"US_NJ_34021","6/27/20",-37,-5,-10,-2,1,24.098765,0.84666667
"US_NJ_34023","6/27/20",-38,-9,-13,39,7,23.35,1.1288889
"US_NJ_34025","6/27/20",-28,6,-11,25,1,24.17284,3.2173333
"US_NJ_34027","6/27/20",-37,-1,-10,17,1,22.511111,0.33866667
"US_NJ_34029","6/27/20",-12,18,-9,10,1,24.229167,3.20675
"US_NJ_34031","6/27/20",-32,-5,-16,25,3,23.227778,0.084666667
"US_NJ_34033","6/27/20",-15,17,-6,1,2,25.722222,0.2032
"US_NJ_34035","6/27/20",-39,-8,-9,10,0,23.188889,0.33866667
"US_NJ_34037","6/27/20",-17,7,-6,-1,0,20.444444,0.056444444
"US_NJ_34039","6/27/20",-31,-7,-15,-3,1,23.816667,0.42333333
"US_NJ_34041","6/27/20",-22,-6,-13,2,1,21.105556,0.16933333
"US_NJ_34001","6/28/20",-27,23,-27,17,0,26.666667,5.9548889
"US_NJ_34003","6/28/20",-43,-13,-10,79,0,25.566667,2.2295556
"US_NJ_34005","6/28/20",-35,2,-5,11,3,27.135802,6.5757778
"US_NJ_34007","6/28/20",-26,-3,-8,6,3,27.388889,1.778
"US_NJ_34009","6/28/20",188,164,31,27,0,26.611111,0.381
"US_NJ_34011","6/28/20",-10,-1,-6,6,0,26.868056,0.762
"US_NJ_34013","6/28/20",-32,-12,-13,20,3,25.738889,1.68275
"US_NJ_34015","6/28/20",-28,0,-3,10,1,27.233333,1.3716
"US_NJ_34017","6/28/20",-28,-13,-14,20,1,26.061111,2.2013333
"US_NJ_34019","6/28/20",-25,11,5,9,1,25.483333,4.5155556
"US_NJ_34021","6/28/20",-34,-7,-8,7,0,26.567901,4.1768889
"US_NJ_34023","6/28/20",-38,-12,-5,40,1,25.377778,1.93675
"US_NJ_34025","6/28/20",-17,6,-3,26,2,25.617284,5.588
"US_NJ_34027","6/28/20",-34,-12,-2,15,2,25.233333,1.93675
"US_NJ_34029","6/28/20",-10,10,-4,25,3,26.138889,6.35
"US_NJ_34031","6/28/20",-34,-13,-12,-1,1,25.483333,2.5117778
"US_NJ_34033","6/28/20",-20,10,-7,1,1,26.822222,1.0414
"US_NJ_34035","6/28/20",-38,-11,-4,16,3,25.672222,3.3655
"US_NJ_34037","6/28/20",-7,3,0,5,1,23.516667,5.334
"US_NJ_34039","6/28/20",-29,-10,-9,15,1,25.738889,1.68275
"US_NJ_34041","6/28/20",-12,-1,-5,1,0,24.35,4.064
"US_NJ_34001","6/29/20",-15,18,-36,6,3,26.04321,0.028222222
"US_NJ_34003","6/29/20",-25,-4,-46,21,2,24.766667,4.1656
"US_NJ_34005","6/29/20",-23,2,-43,6,2,26.644444,0.0762
"US_NJ_34007","6/29/20",-16,0,-40,13,2,26.761111,0.1524
"US_NJ_34009","6/29/20",144,111,-11,-20,0,26.131944,0
"US_NJ_34011","6/29/20",-5,1,-28,4,0,26.270833,0.03175
"US_NJ_34013","6/29/20",-21,-6,-40,15,0,24.994444,2.7178
"US_NJ_34015","6/29/20",-15,4,-39,6,1,26.561111,0.1524
"US_NJ_34017","6/29/20",-21,-3,-50,4,0,25.216667,2.7686
"US_NJ_34019","6/29/20",-23,6,-46,2,0,25.338889,0.1524
"US_NJ_34021","6/29/20",-29,-5,-45,8,0,26.483333,0.1778
"US_NJ_34023","6/29/20",-24,-6,-46,0,1,24.994444,0.127
"US_NJ_34025","6/29/20",-10,10,-40,2,0,25.355556,0.1778
"US_NJ_34027","6/29/20",-24,-6,-48,5,1,24.738889,5.1562
"US_NJ_34029","6/29/20",-3,14,-32,5,2,25.839506,0.028222222
"US_NJ_34031","6/29/20",-20,-6,-36,9,2,24.727778,5.5372
"US_NJ_34033","6/29/20",-16,4,-30,6,0,26.166667,0.0508
"US_NJ_34035","6/29/20",-31,-8,-49,1,1,25.372222,2.032
"US_NJ_34037","6/29/20",-5,4,-37,1,0,23.316667,6.5786
"US_NJ_34039","6/29/20",-14,-6,-39,9,0,24.994444,2.7178
"US_NJ_34041","6/29/20",-7,-2,-38,2,0,24.188889,4.9022
"US_NJ_34001","6/30/20",-12,17,-36,18,2,23.709877,0.33866667
"US_NJ_34003","6/30/20",-22,0,-46,48,4,22.25,1.778
"US_NJ_34005","6/30/20",-19,4,-44,26,3,24,0.4572
"US_NJ_34007","6/30/20",-14,1,-40,20,4,24.377778,0.2032
"US_NJ_34009","6/30/20",146,99,-9,28,5,24.673611,0
"US_NJ_34011","6/30/20",-3,1,-29,17,2,25.0625,0
"US_NJ_34013","6/30/20",-20,-7,-41,27,0,22.583333,2.5908
"US_NJ_34015","6/30/20",-12,4,-39,15,0,24.833333,0.2032
"US_NJ_34017","6/30/20",-21,-2,-51,3,2,22.827778,2.7686
"US_NJ_34019","6/30/20",-23,11,-47,4,1,22.688889,0.2286
"US_NJ_34021","6/30/20",-28,-5,-46,25,-1,23.594444,0.5842
"US_NJ_34023","6/30/20",-24,-6,-47,52,3,22.444444,1.397
"US_NJ_34025","6/30/20",-13,10,-41,30,2,22.744444,1.6764
"US_NJ_34027","6/30/20",-24,-2,-48,3,2,22.244444,1.0922
"US_NJ_34029","6/30/20",-4,13,-33,39,9,23.203704,0.67733333
"US_NJ_34031","6/30/20",-19,-3,-37,3,3,22.094444,1.6764
"US_NJ_34033","6/30/20",-14,20,-29,6,0,25.127778,0
"US_NJ_34035","6/30/20",-31,-5,-50,11,0,22.805556,1.1684
"US_NJ_34037","6/30/20",-3,0,-37,2,-1,20.922222,0.8636
"US_NJ_34039","6/30/20",-16,-5,-40,9,1,22.583333,2.5908
"US_NJ_34041","6/30/20",-6,-3,-38,3,2,21.544444,0.0762
